PERCUSSO_I;ROTA_ID;EMP_ID;LOCAL_ID;ROTA_DESC;TPCIRCUITO_DESC;LOCAL_NOME
001873;01001;0027;0671;COLETA  DOM  COMPACTADORES;-REA;ZUMBI
001866;01001;0027;0680;COLETA  DOM  COMPACTADORES;-REA;CORDEIRO
001867;01001;0027;0698;COLETA  DOM  COMPACTADORES;-REA;IPUTINGA
001697;01002;0027;0744;COLETA  DOM  COMPACTADORES;-REA;CAXANGA
001835;01003;0027;0728;COLETA  DOM  COMPACTADORES;-REA;CIDADE UNIVERSITARIA
001698;01003;0027;0736;COLETA  DOM  COMPACTADORES;-REA;VARZEA
001699;01004;0027;0736;COLETA  DOM  COMPACTADORES;-REA;VARZEA
001701;01005;0027;1070;COLETA  DOM  COMPACTADORES;-REA;JARDIM PETROPOLIS
001702;01006;0027;0868;COLETA DOMICILIAR DIARIA;-REA;JARDIM SAO PAULO
001703;01007;0027;0752;COLETA DOMICILIAR DIARIA;-REA;CURADO
001874;01007;0027;0892;COLETA DOMICILIAR DIARIA;-REA;TEJIPIO
001875;01008;0027;0914;COLETA DOMICILIAR DIARIA;-REA;TOTO
002680;01009;0027;0736;COLETA DOMICILIAR DIARIA;-REA;VARZEA
002681;01009;0027;0744;COLETA DOMICILIAR DIARIA;-REA;CAXANGA
001383;0101;0699;0850;SETORES ALTERNADOS DIURNOS;-REA;AREIAS
001382;0101;0699;0876;SETORES ALTERNADOS DIURNOS;-REA;BARRO
002674;01010;0027;0019;COLETA DOMICILIAR DIARIA;-REA;RECIFE
002675;01011;0027;0019;COLETA DOMICILIAR DOMINGO;-REA;RECIFE
002683;01012;0027;0752;COLETA DOMICILIAR DIARIA;-REA;CURADO
002682;01012;0027;0868;COLETA DOMICILIAR DIARIA;-REA;JARDIM SAO PAULO
002684;01013;0027;0876;COLETA DOMICILIAR DIARIA;-REA;BARRO
002685;01013;0027;0892;COLETA DOMICILIAR DIARIA;-REA;TEJIPIO
002686;01014;0027;0906;COLETA DOMICILIAR DIARIA;-REA;SANCHO
002687;01014;0027;0914;COLETA DOMICILIAR DIARIA;-REA;TOTO
002706;0102;0699;0485;SETORES ALTERNADOS DIURNOS;-REA;MONTEIRO
002125;0102;0699;0507;SETORES ALTERNADOS DIURNOS;-REA;APIPUCOS
002515;0102;0699;0590;SETORES ALTERNADOS DIURNOS;-REA;DOIS IRMAOS
002705;0102;0699;1107;SETORES ALTERNADOS DIURNOS;-REA;ALTO DO MANDU
001384;0103;0699;0868;SETORES ALTERNADOS DIURNOS;-REA;JARDIM SAO PAULO
002126;0104;0699;0434;SETORES ALTERNADOS DIURNOS;-REA;CASA AMARELA
001006;0105;0699;0353;SETORES ALTERNADOS DIURNOS;-REA;CAJUEIRO
002516;0106;0699;0434;SETORES ALTERNADOS DIURNOS;-REA;CASA AMARELA
002647;0106;0699;0442;SETORES ALTERNADOS DIURNOS;-REA;CASA FORTE
001007;0107;0699;0078;SETORES ALTERNADOS DIURNOS;-REA;ILHA DO LEITE
002135;0108;0699;0477;SETORES ALTERNADOS DIURNOS;-REA;POCO
002517;0108;0699;0485;SETORES ALTERNADOS DIURNOS;-REA;MONTEIRO
001008;0109;0699;0434;SETORES ALTERNADOS DIURNOS;-REA;CASA AMARELA
002127;0110;0699;0434;SETORES ALTERNADOS DIURNOS;-REA;CASA AMARELA
001009;0111;0699;0868;SETORES ALTERNADOS DIURNOS;-REA;JARDIM SAO PAULO
002648;0112;0699;0434;SETORES ALTERNADOS DIURNOS;-REA;CASA AMARELA
002134;0112;0699;0442;SETORES ALTERNADOS DIURNOS;-REA;CASA FORTE
001010;0113;0699;0710;SETORES ALTERNADOS DIURNOS;-REA;ENGENHO DO MEIO
002136;0114;0699;0450;SETORES ALTERNADOS DIURNOS;-REA;SANTANA
002649;0114;0699;0469;SETORES ALTERNADOS DIURNOS;-REA;PARNAMIRIM
001011;0115;0699;0434;SETORES ALTERNADOS DIURNOS;-REA;CASA AMARELA
002707;0116;0699;0434;SETORES ALTERNADOS DIURNOS;-REA;CASA AMARELA
002518;0116;0699;0442;SETORES ALTERNADOS DIURNOS;-REA;CASA FORTE
002519;0116;0699;0469;SETORES ALTERNADOS DIURNOS;-REA;PARNAMIRIM
001012;0117;0699;0710;SETORES ALTERNADOS DIURNOS;-REA;ENGENHO DO MEIO
002130;0118;0699;0434;SETORES ALTERNADOS DIURNOS;-REA;CASA AMARELA
001013;0119;0699;0710;SETORES ALTERNADOS DIURNOS;-REA;ENGENHO DO MEIO
002650;0120;0699;0191;SETORES ALTERNADOS DIURNOS;-REA;TAMARINEIRA
002520;0120;0699;0329;SETORES ALTERNADOS DIURNOS;-REA;ARRUDA
001014;0121;0699;0353;SETORES ALTERNADOS DIURNOS;-REA;CAJUEIRO
002115;0122;0699;0329;SETORES ALTERNADOS DIURNOS;-REA;ARRUDA
002651;0122;0699;0337;SETORES ALTERNADOS DIURNOS;-REA;AGUA FRIA
001015;0123;0699;0434;SETORES ALTERNADOS DIURNOS;-REA;CASA AMARELA
002652;0124;0699;0329;SETORES ALTERNADOS DIURNOS;-REA;ARRUDA
002521;0124;0699;0337;SETORES ALTERNADOS DIURNOS;-REA;AGUA FRIA
001016;0125;0699;0868;SETORES ALTERNADOS DIURNOS;-REA;JARDIM SAO PAULO
002559;0126;0699;0680;SETORES ALTERNADOS DIURNOS;-REA;CORDEIRO
002522;0128;0699;0345;SETORES ALTERNADOS DIURNOS;-REA;FUNDAO
002117;0128;0699;0353;SETORES ALTERNADOS DIURNOS;-REA;CAJUEIRO
002523;0130;0699;0310;SETORES ALTERNADOS DIURNOS;-REA;CAMPINA DO BARRETO
002653;0130;0699;0337;SETORES ALTERNADOS DIURNOS;-REA;AGUA FRIA
002119;0132;0699;0175;SETORES ALTERNADOS DIURNOS;-REA;ENCRUZILHADA
002525;0134;0699;0175;SETORES ALTERNADOS DIURNOS;-REA;ENCRUZILHADA
002524;0134;0699;0302;SETORES ALTERNADOS DIURNOS;-REA;HIPODROMO
002122;0136;0699;0280;SETORES ALTERNADOS DIURNOS;-REA;CAMPO GRANDE
002654;0138;0699;0647;SETORES ALTERNADOS DIURNOS;-REA;MADALENA
002560;0138;0699;0663;SETORES ALTERNADOS DIURNOS;-REA;PRADO
002561;0138;0699;0671;SETORES ALTERNADOS DIURNOS;-REA;ZUMBI
002562;0140;0699;0680;SETORES ALTERNADOS DIURNOS;-REA;CORDEIRO
002563;0142;0699;0663;SETORES ALTERNADOS DIURNOS;-REA;PRADO
002656;0144;0699;0353;SETORES ALTERNADOS DIURNOS;-REA;CAJUEIRO
002655;0144;0699;0361;SETORES ALTERNADOS DIURNOS;-REA;PORTO DA MADEIRA
002657;0144;0699;0370;SETORES ALTERNADOS DIURNOS;-REA;BEBERIBE
002658;0146;0699;0485;SETORES ALTERNADOS DIURNOS;-REA;MONTEIRO
002526;0146;0699;1107;SETORES ALTERNADOS DIURNOS;-REA;ALTO DO MANDU
002527;0148;0699;0280;SETORES ALTERNADOS DIURNOS;-REA;CAMPO GRANDE
002734;01D;0001;0019;COLETA SELETIVA DIARIA;-REA;RECIFE
002688;02001;0027;0230;COLETA DOMICILIAR MECANIZADA;-REA;IBURA
001858;02002;0027;1072;COLETA DOMICILIAR MECANIZADA;-REA;IBURA COHAB
001706;02003;0027;0230;COLETA DOMICILIAR MECANIZADA;-REA;IBURA
002689;02003;0027;0876;COLETA DOMICILIAR MECANIZADA;-REA;BARRO
002690;02004;0027;0230;COLETA DOMICILIAR MECANIZADA;-REA;IBURA
002692;02005;0027;0841;COLETA DOMICILIAR MECANIZADA;-REA;CACOTE
002691;02005;0027;0850;COLETA DOMICILIAR MECANIZADA;-REA;AREIAS
002694;02006;0027;0850;COLETA DOMICILIAR MECANIZADA;-REA;AREIAS
002693;02006;0027;0876;COLETA DOMICILIAR MECANIZADA;-REA;BARRO
001710;02007;0027;0892;COLETA DOMICILIAR MECANIZADA;-REA;TEJIPIO
002695;02007;0027;0922;COLETA DOMICILIAR MECANIZADA;-REA;COQUEIRAL
002696;02008;0027;0230;COLETA DOMICILIAR MECANIZADA;-REA;IBURA
002697;02009;0027;0230;COLETA DOMICILIAR MECANIZADA;-REA;IBURA
002698;02009;0027;0884;COLETA DOMICILIAR MECANIZADA;-REA;COHAB
002794;0201;0699;0019;SETORES ALTERNADOS DIURNOS;-REA;RECIFE
002699;02010;0027;0230;COLETA DOMICILIAR MECANIZADA;-REA;IBURA
002700;02011;0027;0958;COLETA DOMICILIAR MECANIZADA;-REA;JORDAO BAIXO
002702;02012;0027;0958;COLETA DOMICILIAR MECANIZADA;-REA;JORDAO BAIXO
001865;02012;0027;1072;COLETA DOMICILIAR MECANIZADA;-REA;IBURA COHAB
002703;02013;0027;0230;COLETA DOMICILIAR MECANIZADA;-REA;IBURA
002704;02013;0027;0958;COLETA DOMICILIAR MECANIZADA;-REA;JORDAO BAIXO
002016;02014;0027;0019;COLETA DOMICILIAR MECANIZADA;-REA;RECIFE
002564;0202;0699;0779;SETORES ALTERNADOS DIURNOS;-REA;AFOGADOS
002795;0203;0699;0019;SETORES ALTERNADOS DIURNOS;-REA;RECIFE
002565;0204;0699;0698;SETORES ALTERNADOS DIURNOS;-REA;IPUTINGA
002796;0205;0699;0019;SETORES ALTERNADOS DIURNOS;-REA;RECIFE
002193;0206;0699;0680;SETORES ALTERNADOS DIURNOS;-REA;CORDEIRO
002797;0207;0699;0019;SETORES ALTERNADOS DIURNOS;-REA;RECIFE
002589;0208;0699;0264;SETORES ALTERNADOS DIURNOS;-REA;IMBIRIBEIRA
002798;0209;0699;0019;SETORES ALTERNADOS DIURNOS;-REA;RECIFE
002191;0210;0699;0680;SETORES ALTERNADOS DIURNOS;-REA;CORDEIRO
002708;0210;0699;0698;SETORES ALTERNADOS DIURNOS;-REA;IPUTINGA
002566;0210;0699;1073;SETORES ALTERNADOS DIURNOS;-REA;TORRiES
002799;0211;0699;0019;SETORES ALTERNADOS DIURNOS;-REA;RECIFE
002567;0212;0699;0710;SETORES ALTERNADOS DIURNOS;-REA;ENGENHO DO MEIO
002709;0212;0699;1073;SETORES ALTERNADOS DIURNOS;-REA;TORRiES
002800;0213;0699;0019;SETORES ALTERNADOS DIURNOS;-REA;RECIFE
002569;0214;0699;0787;SETORES ALTERNADOS DIURNOS;-REA;MUSTARDINHA
002570;0214;0699;0809;SETORES ALTERNADOS DIURNOS;-REA;BONGI
002801;0215;0699;0019;SETORES ALTERNADOS DIURNOS;-REA;RECIFE
002571;0216;0699;0779;SETORES ALTERNADOS DIURNOS;-REA;AFOGADOS
002572;0216;0699;0809;SETORES ALTERNADOS DIURNOS;-REA;BONGI
002802;0217;0699;0019;SETORES ALTERNADOS DIURNOS;-REA;RECIFE
002177;0218;0699;0817;SETORES ALTERNADOS DIURNOS;-REA;SAN MARTIM
002803;0219;0699;0019;SETORES ALTERNADOS DIURNOS;-REA;RECIFE
002176;0220;0699;0817;SETORES ALTERNADOS DIURNOS;-REA;SAN MARTIM
002804;0221;0699;0019;SETORES ALTERNADOS DIURNOS;-REA;RECIFE
002573;0222;0699;0779;SETORES ALTERNADOS DIURNOS;-REA;AFOGADOS
002574;0222;0699;0809;SETORES ALTERNADOS DIURNOS;-REA;BONGI
002805;0223;0699;0019;SETORES ALTERNADOS DIURNOS;-REA;RECIFE
002575;0224;0699;0515;SETORES ALTERNADOS DIURNOS;-REA;MANGABEIRA
002576;0224;0699;0817;SETORES ALTERNADOS DIURNOS;-REA;SAN MARTIM
002180;0224;0699;0825;SETORES ALTERNADOS DIURNOS;-REA;JIQUIA
002806;0225;0699;0019;SETORES ALTERNADOS DIURNOS;-REA;RECIFE
002185;0226;0699;0213;SETORES ALTERNADOS DIURNOS;-REA;IPSEP
002713;0226;0699;0264;SETORES ALTERNADOS DIURNOS;-REA;IMBIRIBEIRA
002138;0228;0699;0779;SETORES ALTERNADOS DIURNOS;-REA;AFOGADOS
002577;0228;0699;0825;SETORES ALTERNADOS DIURNOS;-REA;JIQUIA
002181;0230;0699;0825;SETORES ALTERNADOS DIURNOS;-REA;JIQUIA
002578;0230;0699;0833;SETORES ALTERNADOS DIURNOS;-REA;ESTANCIA
002710;0232;0699;0779;SETORES ALTERNADOS DIURNOS;-REA;AFOGADOS
002711;0232;0699;0787;SETORES ALTERNADOS DIURNOS;-REA;MUSTARDINHA
002712;0232;0699;0795;SETORES ALTERNADOS DIURNOS;-REA;MANGUEIRA
002184;0234;0699;0264;SETORES ALTERNADOS DIURNOS;-REA;IMBIRIBEIRA
002590;0236;0699;0213;SETORES ALTERNADOS DIURNOS;-REA;IPSEP
002579;0236;0699;0850;SETORES ALTERNADOS DIURNOS;-REA;AREIAS
002187;0238;0699;0213;SETORES ALTERNADOS DIURNOS;-REA;IPSEP
002714;0238;0699;0264;SETORES ALTERNADOS DIURNOS;-REA;IMBIRIBEIRA
002189;0240;0699;0213;SETORES ALTERNADOS DIURNOS;-REA;IPSEP
002190;0242;0699;0213;SETORES ALTERNADOS DIURNOS;-REA;IPSEP
002580;0244;0699;0779;SETORES ALTERNADOS DIURNOS;-REA;AFOGADOS
002592;0246;0699;0213;SETORES ALTERNADOS DIURNOS;-REA;IPSEP
002593;0246;0699;0264;SETORES ALTERNADOS DIURNOS;-REA;IMBIRIBEIRA
002582;0248;0699;0680;SETORES ALTERNADOS DIURNOS;-REA;CORDEIRO
002646;0248;0699;0698;SETORES ALTERNADOS DIURNOS;-REA;IPUTINGA
002581;0248;0699;0710;SETORES ALTERNADOS DIURNOS;-REA;ENGENHO DO MEIO
002735;02D;0001;0019;COLETA SELETIVA DIARIA;-REA;RECIFE
002638;0301;0699;0108;SETORES ALTERNADOS NOTURNOS;-REA;SANTO AMARO
002717;0301;0699;0280;SETORES ALTERNADOS NOTURNOS;-REA;CAMPO GRANDE
002812;0302;0699;0019;SETORES ALTERNADOS NOTURNOS;-REA;RECIFE
002716;0303;0699;0175;SETORES ALTERNADOS NOTURNOS;-REA;ENCRUZILHADA
002715;0303;0699;0272;SETORES ALTERNADOS NOTURNOS;-REA;TORREAO
002640;0303;0699;0280;SETORES ALTERNADOS NOTURNOS;-REA;CAMPO GRANDE
002813;0304;0699;0019;SETORES ALTERNADOS NOTURNOS;-REA;RECIFE
002151;0305;0699;0124;SETORES ALTERNADOS NOTURNOS;-REA;ESPINHEIRO
002814;0306;0699;0019;SETORES ALTERNADOS NOTURNOS;-REA;RECIFE
002206;0307;0699;0132;SETORES ALTERNADOS NOTURNOS;-REA;AFLITOS
002815;0308;0699;0019;SETORES ALTERNADOS NOTURNOS;-REA;RECIFE
002718;0309;0699;0167;SETORES ALTERNADOS NOTURNOS;-REA;GRACAS
002531;0309;0699;0183;SETORES ALTERNADOS NOTURNOS;-REA;ROSARINHO
002816;0310;0699;0019;SETORES ALTERNADOS NOTURNOS;-REA;RECIFE
002719;0311;0699;0159;SETORES ALTERNADOS NOTURNOS;-REA;JAQUEIRA
002532;0311;0699;0191;SETORES ALTERNADOS NOTURNOS;-REA;TAMARINEIRA
002817;0312;0699;0019;SETORES ALTERNADOS NOTURNOS;-REA;RECIFE
002533;0313;0699;0167;SETORES ALTERNADOS NOTURNOS;-REA;GRACAS
002818;0314;0699;0019;SETORES ALTERNADOS NOTURNOS;-REA;RECIFE
002535;0315;0699;0124;SETORES ALTERNADOS NOTURNOS;-REA;ESPINHEIRO
002534;0315;0699;0167;SETORES ALTERNADOS NOTURNOS;-REA;GRACAS
002819;0316;0699;0019;SETORES ALTERNADOS NOTURNOS;-REA;RECIFE
002197;0317;0699;0167;SETORES ALTERNADOS NOTURNOS;-REA;GRACAS
002820;0318;0699;0019;SETORES ALTERNADOS NOTURNOS;-REA;RECIFE
002198;0319;0699;0140;SETORES ALTERNADOS NOTURNOS;-REA;DERBY
002821;0320;0699;0019;SETORES ALTERNADOS NOTURNOS;-REA;RECIFE
002641;0321;0699;0094;SETORES ALTERNADOS NOTURNOS;-REA;PAISSANDU
002721;0321;0699;0140;SETORES ALTERNADOS NOTURNOS;-REA;DERBY
002720;0321;0699;0647;SETORES ALTERNADOS NOTURNOS;-REA;MADALENA
002140;0321;0699;0760;SETORES ALTERNADOS NOTURNOS;-REA;ILHA DO RETIRO
002822;0322;0699;0019;SETORES ALTERNADOS NOTURNOS;-REA;RECIFE
002141;0323;0699;0647;SETORES ALTERNADOS NOTURNOS;-REA;MADALENA
002584;0323;0699;0663;SETORES ALTERNADOS NOTURNOS;-REA;PRADO
002823;0324;0699;0019;SETORES ALTERNADOS NOTURNOS;-REA;RECIFE
002585;0325;0699;0647;SETORES ALTERNADOS NOTURNOS;-REA;MADALENA
002143;0325;0699;0655;SETORES ALTERNADOS NOTURNOS;-REA;TORRE
002142;0327;0699;0647;SETORES ALTERNADOS NOTURNOS;-REA;MADALENA
002642;0329;0699;0647;SETORES ALTERNADOS NOTURNOS;-REA;MADALENA
002199;0329;0699;0655;SETORES ALTERNADOS NOTURNOS;-REA;TORRE
002203;0331;0699;0680;SETORES ALTERNADOS NOTURNOS;-REA;CORDEIRO
002603;0333;0699;0108;SETORES ALTERNADOS NOTURNOS;-REA;SANTO AMARO
002604;0335;0699;0108;SETORES ALTERNADOS NOTURNOS;-REA;SANTO AMARO
002722;0337;0699;0655;SETORES ALTERNADOS NOTURNOS;-REA;TORRE
002643;0337;0699;0671;SETORES ALTERNADOS NOTURNOS;-REA;ZUMBI
002227;0339;0699;0019;SETORES ALTERNADOS NOTURNOS;-REA;RECIFE
002230;0340;0699;0019;SETORES ALTERNADOS NOTURNOS;-REA;RECIFE
002228;0341;0699;0019;SETORES ALTERNADOS NOTURNOS;-REA;RECIFE
002229;0342;0699;0019;SETORES ALTERNADOS NOTURNOS;-REA;RECIFE
002214;0343;0699;0019;SETORES ALTERNADOS NOTURNOS;-REA;RECIFE
002231;0344;0699;0019;SETORES ALTERNADOS NOTURNOS;-REA;RECIFE
002644;0345;0699;0140;SETORES ALTERNADOS NOTURNOS;-REA;DERBY
002645;0345;0699;1051;SETORES ALTERNADOS NOTURNOS;-REA;MADALENA
002232;0346;0699;0019;SETORES ALTERNADOS NOTURNOS;-REA;RECIFE
002605;0347;0699;0108;SETORES ALTERNADOS NOTURNOS;-REA;SANTO AMARO
002736;03D;0001;0019;COLETA SELETIVA DIARIA;-REA;RECIFE
002168;0401;0699;0248;SETORES ALTERNADOS NOTURNOS;-REA;PINA
002665;0401;0699;1111;SETORES ALTERNADOS NOTURNOS;-REA;CAIS JOS+ MARIANO
002810;0402;0699;0019;SETORES ALTERNADOS NOTURNOS;-REA;RECIFE
002666;0403;0699;0248;SETORES ALTERNADOS NOTURNOS;-REA;PINA
001058;0404;0699;0205;SETORES ALTERNADOS NOTURNOS;-REA;BOA VIAGEM
002153;0405;0699;0205;SETORES ALTERNADOS NOTURNOS;-REA;BOA VIAGEM
001059;0406;0699;0655;SETORES ALTERNADOS NOTURNOS;-REA;TORRE
002154;0407;0699;0205;SETORES ALTERNADOS NOTURNOS;-REA;BOA VIAGEM
001060;0408;0699;0280;SETORES ALTERNADOS NOTURNOS;-REA;CAMPO GRANDE
002155;0409;0699;0205;SETORES ALTERNADOS NOTURNOS;-REA;BOA VIAGEM
001061;0410;0699;0264;SETORES ALTERNADOS NOTURNOS;-REA;IMBIRIBEIRA
002156;0411;0699;0205;SETORES ALTERNADOS NOTURNOS;-REA;BOA VIAGEM
001062;0412;0699;0280;SETORES ALTERNADOS NOTURNOS;-REA;CAMPO GRANDE
002157;0413;0699;0205;SETORES ALTERNADOS NOTURNOS;-REA;BOA VIAGEM
001063;0414;0699;0205;SETORES ALTERNADOS NOTURNOS;-REA;BOA VIAGEM
002158;0415;0699;0264;SETORES ALTERNADOS NOTURNOS;-REA;IMBIRIBEIRA
001064;0416;0699;0655;SETORES ALTERNADOS NOTURNOS;-REA;TORRE
002159;0417;0699;0264;SETORES ALTERNADOS NOTURNOS;-REA;IMBIRIBEIRA
001065;0418;0699;0655;SETORES ALTERNADOS NOTURNOS;-REA;TORRE
002594;0419;0699;0205;SETORES ALTERNADOS NOTURNOS;-REA;BOA VIAGEM
001066;0420;0699;0280;SETORES ALTERNADOS NOTURNOS;-REA;CAMPO GRANDE
002161;0421;0699;0205;SETORES ALTERNADOS NOTURNOS;-REA;BOA VIAGEM
002811;0422;0699;0019;SETORES ALTERNADOS NOTURNOS;-REA;RECIFE
002162;0423;0699;0205;SETORES ALTERNADOS NOTURNOS;-REA;BOA VIAGEM
001067;0424;0699;0205;SETORES ALTERNADOS NOTURNOS;-REA;BOA VIAGEM
002163;0425;0699;0205;SETORES ALTERNADOS NOTURNOS;-REA;BOA VIAGEM
002667;0427;0699;0205;SETORES ALTERNADOS NOTURNOS;-REA;BOA VIAGEM
002595;0427;0699;1069;SETORES ALTERNADOS NOTURNOS;-REA;SETUBAL
002668;0429;0699;0205;SETORES ALTERNADOS NOTURNOS;-REA;BOA VIAGEM
002596;0429;0699;1069;SETORES ALTERNADOS NOTURNOS;-REA;SETUBAL
002166;0431;0699;0205;SETORES ALTERNADOS NOTURNOS;-REA;BOA VIAGEM
002669;0431;0699;1069;SETORES ALTERNADOS NOTURNOS;-REA;SETUBAL
002167;0433;0699;0205;SETORES ALTERNADOS NOTURNOS;-REA;BOA VIAGEM
002597;0435;0699;0051;SETORES ALTERNADOS NOTURNOS;-REA;CABANGA
002598;0435;0699;0248;SETORES ALTERNADOS NOTURNOS;-REA;PINA
002599;0437;0699;0264;SETORES ALTERNADOS NOTURNOS;-REA;IMBIRIBEIRA
002401;0439;0699;0019;SETORES ALTERNADOS NOTURNOS;-REA;RECIFE
002215;0440;0699;0019;SETORES ALTERNADOS NOTURNOS;-REA;RECIFE
002216;0441;0699;0019;SETORES ALTERNADOS NOTURNOS;-REA;RECIFE
002217;0442;0699;0019;SETORES ALTERNADOS NOTURNOS;-REA;RECIFE
002213;0443;0699;0019;SETORES ALTERNADOS NOTURNOS;-REA;RECIFE
002218;0444;0699;0019;SETORES ALTERNADOS NOTURNOS;-REA;RECIFE
002436;0445;0699;0205;SETORES ALTERNADOS NOTURNOS;-REA;BOA VIAGEM
002670;0445;0699;0264;SETORES ALTERNADOS NOTURNOS;-REA;IMBIRIBEIRA
002219;0446;0699;0019;SETORES ALTERNADOS NOTURNOS;-REA;RECIFE
002437;0447;0699;0205;SETORES ALTERNADOS NOTURNOS;-REA;BOA VIAGEM
002606;0501;0699;0086;SETORES DI-RIOS NOTURNOS;-REA;BOA VISTA
002538;0502;0699;0299;SETORES DI-RIOS VESPERTINOS;-REA;PEIXINHOS
002537;0502;0699;0310;SETORES DI-RIOS VESPERTINOS;-REA;CAMPINA DO BARRETO
002659;0502;0699;0345;SETORES DI-RIOS VESPERTINOS;-REA;FUNDAO
002536;0502;0699;0930;SETORES DI-RIOS VESPERTINOS;-REA;PONTO DE PARADA
002660;0503;0699;0078;SETORES DI-RIOS NOTURNOS;-REA;ILHA DO LEITE
002608;0503;0699;0086;SETORES DI-RIOS NOTURNOS;-REA;BOA VISTA
002609;0503;0699;0094;SETORES DI-RIOS NOTURNOS;-REA;PAISSANDU
002761;0504;0699;0019;SETORES DI-RIOS NOTURNOS;-REA;RECIFE
002611;0505;0699;0060;SETORES DI-RIOS NOTURNOS;-REA;COELHOS
002610;0505;0699;0086;SETORES DI-RIOS NOTURNOS;-REA;BOA VISTA
002807;0506;0699;0019;SETORES DI-RIOS NOTURNOS;-REA;RECIFE
002612;0507;0699;0027;SETORES DI-RIOS NOTURNOS;-REA;SANTO ANTONIO
002613;0507;0699;0035;SETORES DI-RIOS NOTURNOS;-REA;SAO JOSE
002808;0508;0699;0019;SETORES DI-RIOS NOTURNOS;-REA;RECIFE
002723;0509;0699;0035;SETORES DI-RIOS NOTURNOS;-REA;SAO JOSE
002614;0509;0699;1109;SETORES DI-RIOS NOTURNOS;-REA;RECIFE ANTIGO
002809;0510;0699;0019;SETORES DI-RIOS NOTURNOS;-REA;RECIFE
002724;0511;0699;0027;SETORES DI-RIOS NOTURNOS;-REA;SANTO ANTONIO
002725;0511;0699;0086;SETORES DI-RIOS NOTURNOS;-REA;BOA VISTA
002616;0511;0699;0108;SETORES DI-RIOS NOTURNOS;-REA;SANTO AMARO
002212;0512;0699;0019;SETORES DI-RIOS NOTURNOS;-REA;RECIFE
002620;0513;0699;0027;SETORES DI-RIOS NOTURNOS;-REA;SANTO ANTONIO
002617;0513;0699;0035;SETORES DI-RIOS NOTURNOS;-REA;SAO JOSE
002587;0514;0699;1073;SETORES DI-RIOS NOTURNOS;-REA;TORRiES
001079;0515;0699;0655;SETORES DI-RIOS NOTURNOS;-REA;TORRE
002661;0516;0699;0388;SETORES DI-RIOS NOTURNOS;-REA;LINHA DO TIRO
002539;0516;0699;0540;SETORES DI-RIOS NOTURNOS;-REA;ALTO JOSE BONIFACIO
001080;0517;0699;0647;SETORES DI-RIOS NOTURNOS;-REA;MADALENA
002662;0518;0699;0337;SETORES DI-RIOS NOTURNOS;-REA;AGUA FRIA
002540;0518;0699;0426;SETORES DI-RIOS NOTURNOS;-REA;BOMBA DO HEMETERIO
001081;0519;0699;0140;SETORES DI-RIOS NOTURNOS;-REA;DERBY
001082;0519;0699;0167;SETORES DI-RIOS NOTURNOS;-REA;GRACAS
002541;0520;0699;0361;SETORES DI-RIOS VESPERTINOS;-REA;PORTO DA MADEIRA
002542;0520;0699;0388;SETORES DI-RIOS VESPERTINOS;-REA;LINHA DO TIRO
002543;0522;0699;0337;SETORES DI-RIOS VESPERTINOS;-REA;AGUA FRIA
002663;0528;0699;0582;SETORES DI-RIOS NOTURNOS;-REA;MACAXEIRA
002544;0530;0699;0396;SETORES DI-RIOS VESPERTINOS;-REA;DOIS UNIDOS
002545;0532;0699;0396;SETORES DI-RIOS VESPERTINOS;-REA;DOIS UNIDOS
002664;0532;0699;0574;SETORES DI-RIOS VESPERTINOS;-REA;BREJO DE BEBERIBE
001091;0533;0699;0027;SETORES DI-RIOS VESPERTINOS;-REA;SANTO ANTONIO
002737;05D;0001;0019;COLETA SELETIVA DIARIA;-REA;RECIFE
002588;0602;0699;0779;SETORES DI-RIOS DIURNOS;-REA;AFOGADOS
002726;0602;0699;0850;SETORES DI-RIOS DIURNOS;-REA;AREIAS
002618;0604;0699;0027;SETORES DI-RIOS DIURNOS;-REA;SANTO ANTONIO
002619;0604;0699;0043;SETORES DI-RIOS DIURNOS;-REA;ILHA JOANA BEZERRA
001103;0606;0699;0582;SETORES DI-RIOS CONFINAMENTO;-REA;MACAXEIRA
002546;0608;0699;0400;SETORES DI-RIOS CONFINAMENTO;-REA;PASSARINHO
002548;0608;0699;0590;SETORES DI-RIOS CONFINAMENTO;-REA;DOIS IRMAOS
002547;0608;0699;0604;SETORES DI-RIOS CONFINAMENTO;-REA;SITIO DOS PINTOS
002549;0610;0699;0582;SETORES DI-RIOS DIURNOS;-REA;MACAXEIRA
002550;0610;0699;0620;SETORES DI-RIOS DIURNOS;-REA;CORREGO DO JENIPAPO
002552;0612;0699;0574;SETORES DI-RIOS DIURNOS;-REA;BREJO DE BEBERIBE
002551;0612;0699;0612;SETORES DI-RIOS DIURNOS;-REA;BREJO DA GUABIRABA
002553;0614;0699;0566;SETORES DI-RIOS DIURNOS;-REA;NOVA DESCOBERTA
001109;0616;0699;0558;SETORES DI-RIOS DIURNOS;-REA;VASCO DA GAMA
002554;0618;0699;0558;SETORES DI-RIOS DIURNOS;-REA;VASCO DA GAMA
002727;0618;0699;0566;SETORES DI-RIOS DIURNOS;-REA;NOVA DESCOBERTA
002555;0620;0699;0558;SETORES DI-RIOS DIURNOS;-REA;VASCO DA GAMA
002728;0622;0699;0337;SETORES DI-RIOS DIURNOS;-REA;AGUA FRIA
002729;0622;0699;0426;SETORES DI-RIOS DIURNOS;-REA;BOMBA DO HEMETERIO
002730;0624;0699;0515;SETORES DI-RIOS DIURNOS;-REA;MANGABEIRA
002556;0624;0699;0523;SETORES DI-RIOS DIURNOS;-REA;ALTO JOSE DO PINHO
002731;0626;0699;0051;SETORES DI-RIOS DIURNOS;-REA;CABANGA
001115;0628;0699;0329;SETORES DI-RIOS DIURNOS;-REA;ARRUDA
001114;0628;0699;0345;SETORES DI-RIOS DIURNOS;-REA;FUNDAO
001116;0630;0699;0280;SETORES DI-RIOS CONFINAMENTO;-REA;CAMPO GRANDE
002623;0660;0699;1099;SETORES DI-RIOS DIURNOS;-REA;CENTRO
002622;0672;0699;0035;SETORES DI-RIOS DIURNOS;-REA;SAO JOSE
002601;0682;0699;0248;SETORES DI-RIOS DIURNOS;-REA;PINA
002600;0684;0699;0256;SETORES DI-RIOS DIURNOS;-REA;BRASILIA TEIMOSA
002624;0686;0699;0051;SETORES DI-RIOS DIURNOS;-REA;CABANGA
002672;0686;0699;0248;SETORES DI-RIOS DIURNOS;-REA;PINA
002558;0688;0699;0400;SETORES DI-RIOS DIURNOS;-REA;PASSARINHO
002673;0690;0699;0582;SETORES DI-RIOS DIURNOS;-REA;MACAXEIRA
002738;06D;0001;0019;COLETA SELETIVA DIARIA;-REA;RECIFE
002739;07D;0001;0019;COLETA SELETIVA DIARIA;-REA;RECIFE
002740;08D;0001;0019;COLETA SELETIVA DIARIA;-REA;RECIFE
002741;09D;0001;0019;COLETA SELETIVA DIARIA;-REA;RECIFE
002768;100714;0013;0019;CONSTRUTORA FAELLA  1-007/14;-REA;RECIFE
002767;101314;0013;0019;CONSTRUTORA GUERRA 1-013/14;-REA;RECIFE
002764;101514;0013;0019;CONSECON   1-015/14;-REA;RECIFE
002843;104710;0046;0108;ELUS ENGENHARIA - 1-047/10;-REA;SANTO AMARO
002742;10D;0001;0019;COLETA SELETIVA DIARIA;-REA;RECIFE
002743;11D;0001;0019;COLETA SELETIVA DIARIA;-REA;RECIFE
002744;12D;0001;0019;COLETA SELETIVA DIARIA;-REA;RECIFE
002745;13D;0001;0019;COLETA SELETIVA DIARIA;-REA;RECIFE
002746;14D;0001;0019;COLETA SELETIVA DIARIA;-REA;RECIFE
002747;15D;0001;0019;COLETA SELETIVA DIARIA;-REA;RECIFE
001273;1602;0699;0060;COLETA DOMICILIAR DIURNA;-REA;COELHOS
001269;1602;0699;0999;COLETA DOMICILIAR DIURNA;-REA;CENTRO ( POLO BOM JESUS)
001270;1602;0699;1000;COLETA DOMICILIAR DIURNA;-REA;AV. NORTE (AV. CRUZ CABUGA  AT+  AGAMENON MAGALH+ES
001272;1602;0699;1001;COLETA DOMICILIAR DIURNA;-REA;AV. AG. MAGALH+ES (FAIXA MORTA - AV. NORTE -TACARUNA)
001271;1602;0699;1002;COLETA DOMICILIAR DIURNA;-REA;AV. DR. JAIME DA FONTE
001265;1604;0699;0992;COLETA DOMICILIAR DIURNA;-REA;RUA SETUBAL C/ PRAÃA BOA VIAGEM (PONTO CRITICO)
001260;1604;0699;0993;COLETA DOMICILIAR DIURNA;-REA;AV. COMENDADOR MORAIS
001266;1604;0699;0994;COLETA DOMICILIAR DIURNA;-REA;RUA ARTUR BERNARDES
001261;1604;0699;0995;COLETA DOMICILIAR DIURNA;-REA;RUA ARABAIANA
001262;1604;0699;0996;COLETA DOMICILIAR DIURNA;-REA;RUA DELFIM
001263;1604;0699;0997;COLETA DOMICILIAR DIURNA;-REA;RUA FRANCISCO VALPASSOS
001264;1604;0699;0998;COLETA DOMICILIAR DIURNA;-REA;CONJUNTO RES. IGN-Z ANDREAZZA
001274;1604;0699;1026;COLETA DOMICILIAR DIURNA;-REA;PRAÃA BOA VIAGEM (AO REDOR)
001309;1606;0699;0205;COLETA DOMICILIAR DIURNA;-REA;BOA VIAGEM
001267;1606;0699;0256;COLETA DOMICILIAR DIURNA;-REA;BRASILIA TEIMOSA
001268;1608;0699;0988;COLETA DOMICILIAR DIURNA;-REA;AV. BOA VIAGEM(SACOS PRETOS)
002240;1610;0699;0019;COLETA DOMICILIAR DIURNA;-REA;RECIFE
002241;1612;0699;0019;COLETA DOMICILIAR DIURNA;-REA;RECIFE
002239;1614;0699;0019;COLETA DOMICILIAR DIURNA;-REA;RECIFE
002242;1616;0699;0019;COLETA DOMICILIAR DIURNA;-REA;RECIFE
002243;1618;0699;0019;COLETA DOMICILIAR DIURNA;-REA;RECIFE
002244;1620;0699;0019;COLETA DOMICILIAR DIURNA;-REA;RECIFE
002245;1622;0699;0019;COLETA DOMICILIAR DIURNA;-REA;RECIFE
002246;1624;0699;0019;COLETA DOMICILIAR DIURNA;-REA;RECIFE
002748;16D;0001;0019;COLETA SELETIVA DIARIA;-REA;RECIFE
002749;17D;0001;0019;COLETA SELETIVA DIARIA;-REA;RECIFE
002750;18D;0001;0019;COLETA SELETIVA DIARIA;-REA;RECIFE
002751;19D;0001;0019;COLETA SELETIVA DIARIA;-REA;RECIFE
001752;2001;0525;0019;COLETA DE ENTULHO DIURNA;-REA;RECIFE
001753;2002;0525;0019;COLETA DE ENTULHO NOTURNA;-REA;RECIFE
002752;20D;0001;0019;COLETA SELETIVA DIARIA;-REA;RECIFE
002753;21D;0001;0019;COLETA SELETIVA DIARIA;-REA;RECIFE
002754;22D;0001;0019;COLETA SELETIVA DIARIA;-REA;RECIFE
002755;23D;0001;0019;COLETA SELETIVA DIARIA;-REA;RECIFE
002756;24D;0001;0019;COLETA SELETIVA DIARIA;-REA;RECIFE
001275;2602;0699;1003;COLETA DOMICILIAR NOTURNA;-REA;AV. ALFREDO LISBOA
001276;2602;0699;1004;COLETA DOMICILIAR NOTURNA;-REA;RUA DA AURORA
001277;2602;0699;1005;COLETA DOMICILIAR NOTURNA;-REA;RUA DO SOL
001278;2602;0699;1006;COLETA DOMICILIAR NOTURNA;-REA;RUA FLORIANO PEIXOTO
001279;2602;0699;1007;COLETA DOMICILIAR NOTURNA;-REA;AV. DANTAS BARRETO
001280;2602;0699;1008;COLETA DOMICILIAR NOTURNA;-REA;AV. NOSSA SENHORA DO CARMO
001281;2602;0699;1009;COLETA DOMICILIAR NOTURNA;-REA;RUA 1¦ DE MARÃO
001282;2602;0699;1012;COLETA DOMICILIAR NOTURNA;-REA;AV. GUARARAPES
001283;2602;0699;1013;COLETA DOMICILIAR NOTURNA;-REA;AV. CONDE DA BOA VISTA
001284;2602;0699;1014;COLETA DOMICILIAR NOTURNA;-REA;RUA DO HOSPICIO
001285;2602;0699;1015;COLETA DOMICILIAR NOTURNA;-REA;RUA MARTINS JUNIOR
001286;2602;0699;1016;COLETA DOMICILIAR NOTURNA;-REA;RUA SETE DE SETEMBRO
001287;2602;0699;1017;COLETA DOMICILIAR NOTURNA;-REA;RUA PRINCESA ISABEL
001288;2602;0699;1018;COLETA DOMICILIAR NOTURNA;-REA;RUA DO RIACHUELO
001289;2602;0699;1019;COLETA DOMICILIAR NOTURNA;-REA;AV. NORTE (TRECHO PT. LIMOEIRO/PÃ DO ROSARINHO-02 L
001290;2602;0699;1021;COLETA DOMICILIAR NOTURNA;-REA;RUA EDGAR WERNERK
001291;2602;0699;1022;COLETA DOMICILIAR NOTURNA;-REA;MERCADO DA MADALENA (AO REDOR)
001292;2602;0699;1023;COLETA DOMICILIAR NOTURNA;-REA;MERCADO DE AREIAS (AO INICIAR A COLETA)
001293;2602;0699;1024;COLETA DOMICILIAR NOTURNA;-REA;FEIRA DA MUSTARDINHA
001294;2602;0699;1025;COLETA DOMICILIAR NOTURNA;-REA;FEIRA DE AFOGADOS
001253;2604;0699;0985;COLETA DOMICILIAR NOTURNA;-REA;AV.BOA VIAGEM(COCOS)-BARRACAS 60 A 40
001248;2604;0699;0986;COLETA DOMICILIAR NOTURNA;-REA;AEROPORTO(BARRACA DE FRUTAS)
001249;2604;0699;0988;COLETA DOMICILIAR NOTURNA;-REA;AV. BOA VIAGEM(SACOS PRETOS)
001251;2604;0699;0989;COLETA DOMICILIAR NOTURNA;-REA;EDF. HOLLIDAY(LIXEIRAS)
001252;2604;0699;0990;COLETA DOMICILIAR NOTURNA;-REA;MERCADO DE BOA VIAGEM
001254;2604;0699;1026;COLETA DOMICILIAR NOTURNA;-REA;PRAÃA BOA VIAGEM (AO REDOR)
001256;2606;0699;0985;COLETA DOMICILIAR NOTURNA;-REA;AV.BOA VIAGEM(COCOS)-BARRACAS 60 A 40
001257;2606;0699;0988;COLETA DOMICILIAR NOTURNA;-REA;AV. BOA VIAGEM(SACOS PRETOS)
001298;2608;0699;1019;COLETA DOMICILIAR NOTURNA;-REA;AV. NORTE (TRECHO PT. LIMOEIRO/PÃ DO ROSARINHO-02 L
001295;2608;0699;1027;COLETA DOMICILIAR NOTURNA;-REA;FEIRA DO CORDEIRO (PASSARINHO)
001296;2608;0699;1028;COLETA DOMICILIAR NOTURNA;-REA;AV. ROSA E SILVA (TOTAL)
001297;2608;0699;1029;COLETA DOMICILIAR NOTURNA;-REA;ESTRADA DO ARRAIAL (TOTAL)
001300;2608;0699;1030;COLETA DOMICILIAR NOTURNA;-REA;AV. SANTOS DUMONT (TOTAL)
001301;2608;0699;1031;COLETA DOMICILIAR NOTURNA;-REA;AV. DR. JOS+ MARIA (TOTAL)
001302;2608;0699;1032;COLETA DOMICILIAR NOTURNA;-REA;AV. BEBERIBE (TRECHO: ENCRUZILHADA /MERC. AGUA FRIA
001303;2608;0699;1033;COLETA DOMICILIAR NOTURNA;-REA;MERCADO DE AGUA FRIA (RUA ABDON LIMA)
001304;2608;0699;1034;COLETA DOMICILIAR NOTURNA;-REA;ESTRADA VELHA DE AGUA FRIA (TOTAL)
001305;2608;0699;1035;COLETA DOMICILIAR NOTURNA;-REA;MERCADO DA ENCRUZILHADA (LIXEIRA)
001307;2608;0699;1037;COLETA DOMICILIAR NOTURNA;-REA;FEIRA DE NOVA DESCOBERTA (CONTAINER E SACOS PRETOS
001308;2608;0699;1038;COLETA DOMICILIAR NOTURNA;-REA;AV. NOVA DESCOBERTA (TOTAL)
002235;2610;0699;0019;COLETA DOMICILIAR NOTURNA;-REA;RECIFE
002233;2612;0699;0019;COLETA DOMICILIAR NOTURNA;-REA;RECIFE
002234;2614;0699;0019;COLETA DOMICILIAR NOTURNA;-REA;RECIFE
002403;3501;0001;0019;APREENS+O  MONTA CARGA;CIRCUITO;RECIFE
001001;3502;0147;0205;PARTICULARES;PONTUAL;BOA VIAGEM
001442;3503;0302;0019;TRAPEIROS;CIRCUITO;RECIFE
001474;3505;0317;0019;LENHA/MADEIRA;PONTUAL;RECIFE
001600;3507;0389;0019;OUTROS/N+O IDENTIFICADOS;-REA;RECIFE
001920;3508;0463;0019;EMPRESA N+O IDENTIFICADA;-REA;RECIFE
002404;3510;0467;0019;DOAÃ+O DE PNEUS POR EMPRESA;-REA;RECIFE
001682;3515;0311;0019;COLETA SELETIVA - ASSOCIAÃ+O;-REA;RECIFE
001339;3701;0147;0019;EMPRESAS DIVERSAS-CONST. CIVIL;PONTUAL;RECIFE
001343;3710;0147;1054;EMPRESAS DIVERSAS;PONTUAL;METRALHA ENTRANDO NA DLU
001344;3715;0147;1053;EMPRESAS DIVERSAS;PONTUAL;METRALHA SAINDO DA DLU
002073;4701;0009;0019;COLETA DE ENTULHO;-REA;RECIFE
002074;4702;0009;0019;COLETA DE ENTULHO;-REA;RECIFE
001871;5000;0529;0019;SETOR COLETA DIURNA;-REA;RECIFE
002851;500115;0730;0019;DESTACK LOCADORA;-REA;RECIFE
002780;600314;0013;0019;LOQUIPE ENGENHARIA - 6-003/14;-REA;RECIFE
002789;600510;0311;0019;LOQUIPE ENGENHARIA - 6-005/10;-REA;RECIFE
002765;600514;0013;0019;REAL ENERGY LTDA - 6-005/14;-REA;RECIFE
002849;600710;0013;0019;JPW  ENGENHARIA - 6-007/10;-REA;RECIFE
002844;600715;0013;0019;LOQUIPE ENGENHARIA - 6-007/15;-REA;RECIFE
002846;600815;0013;0019;SOLO ENGENHARIA - 6-008/15;-REA;RECIFE
002847;600915;0013;0019;ETNA ENGENHARIA -  6-009/15;-REA;RECIFE
002845;601015;0013;0019;LOQUIPE ENGENHARIA - 6-010/15;-REA;RECIFE
002848;601115;0013;0019;GUERRA CONSTRUÃiES 6-011/15;-REA;RECIFE
002850;601515;0013;0019;JPW  ENGENHARIA - 6-015/15;-REA;RECIFE
002852;601715;0013;0019;SOLO ENGENHARIA - 6-017/15;-REA;RECIFE
002777;601814;0013;0019;CONSTRUTORA GUERRA  6-018/14;-REA;RECIFE
002776;601914;0013;0019;CONSTRUTORA GUERRA  6-019/14;-REA;RECIFE
002824;601P;0699;0019;SETORES DIARIOS DIURNOS;-REA;RECIFE
002790;602013;0311;0019;LOQUIPE ENGENHARIA - 6-020/13;-REA;RECIFE
002779;602113;0013;0019;CONSTRUTORA GUERRA  6-021/13;-REA;RECIFE
002772;602114;0013;0019;CONST INGAZEIRA   6-021/14;-REA;RECIFE
002778;602213;0013;0019;LOQUIPE ENGENHARIA  6-022/13;-REA;RECIFE
002762;602214;0013;0019;SERVINTIUM LTDA  6-022/14;-REA;RECIFE
002788;602314;0013;0019;ETNA ENGENHARIA  6-023/14;-REA;RECIFE
002874;602315;0025;0019;VITAL- LOTE 2 CONTRATO 6023/15;-REA;RECIFE
002787;602414;0013;0019;LOQUIPE ENGENHARIA 6-024/14;-REA;RECIFE
002875;602415;0025;0019;CAEL- LOTE 1 CONTRATO 6-024/15;-REA;RECIFE
002771;602514;0013;0019;CONSTRUTORA FAELLA  6-025/14;-REA;RECIFE
002877;602515;0013;0019;CONST INGAZEIRA  6-025/15;-REA;RECIFE
002786;602814;0013;0019;GUERRA CONSTRUÃiES 6-028/14;-REA;RECIFE
002785;602914;0013;0019;SCAVE SERVIÃOS 6-029/14;-REA;RECIFE
002825;602P;0699;0019;SETORES DIARIOS DIURNOS;-REA;RECIFE
002763;603013;0013;0019;HIDROMAX 6-030/13;-REA;RECIFE
002791;603014;0013;0019;LOQUIPE ENGENHARIA - 6-030/14;-REA;RECIFE
002770;603114;0013;0019;CONSTRUTORA GUERRA  6-031/14;-REA;RECIFE
002792;603210;0272;0019;ENGEMAIA CIA LTDA     6-032/10;-REA;RECIFE
002773;603413;0013;0019;LOQUIPE ENGENHARIA 6-034/13;-REA;RECIFE
002769;603514;0013;0019;CONSTRUTORA GUERRA 6-035/14;CIRCUITO;RECIFE
002876;603813;0013;0019;CONST INGAZEIRA  6-038/13;-REA;RECIFE
002826;603P;0699;0019;SETORES DIARIOS DIURNOS;-REA;RECIFE
002793;604;0699;0019;SETORES DIARIOS DIURNOS;-REA;RECIFE
002766;604514;0013;0019;CONSTRUTORA GUERRA   6-045/14;-REA;RECIFE
002827;605;0699;0019;SETORES DIARIOS DIURNOS;-REA;RECIFE
002775;605413;0272;0019;LOQUIPE ENGENHARIA  6-054/13;-REA;RECIFE
002774;605513;0517;0019;CONSTRUTORA GUERRA  6-055/13;-REA;RECIFE
002784;605613;0013;0019;LIDERMAC CONST 6-056/13;-REA;RECIFE
002781;605713;0013;0019;ANDRADE GUEDES  6-057/13;-REA;RECIFE
002782;605813;0013;0019;AGC CONST E EMP LTDA 6-058/13;-REA;RECIFE
002783;605913;0013;0019;PRESSA CONST LTDA 6-059/13;-REA;RECIFE
002828;606;0699;0019;SETORES DIARIOS DIURNOS;-REA;RECIFE
002829;607P;0699;0019;SETORES DIARIOS DIURNOS;-REA;RECIFE
002830;608;0699;0019;SETORES DIARIOS DIURNOS;-REA;RECIFE
002831;609;0699;0019;SETORES DIARIOS DIURNOS;-REA;RECIFE
002832;610;0699;0019;SETORES DIARIOS DIURNOS;-REA;RECIFE
002833;611;0699;0019;SETORES DIARIOS DIURNOS;-REA;RECIFE
002834;612;0699;0019;SETORES DIARIOS DIURNOS;-REA;RECIFE
002835;613;0699;0019;SETORES DIARIOS DIURNOS;-REA;RECIFE
002836;614;0699;0019;SETORES DIARIOS DIURNOS;-REA;RECIFE
002837;615;0699;0019;SETORES DIARIOS DIURNOS;-REA;RECIFE
002838;616;0699;0019;SETORES DIARIOS DIURNOS;-REA;RECIFE
002839;617;0699;0019;SETORES DIARIOS DIURNOS;-REA;RECIFE
002840;618;0699;0019;SETORES DIARIOS DIURNOS;-REA;RECIFE
002841;619;0699;0019;SETORES DIARIOS DIURNOS;-REA;RECIFE
002863;A001D;0699;1100;CAIXA COMPACTADORA;-REA;CAIS DE SANTA RITA
002864;A001N;0699;1100;CAIXA COMPACTADORA;-REA;CAIS DE SANTA RITA
002870;A002N;0699;1002;CAIXA COMPACTADORA;-REA;AV. DR. JAIME DA FONTE
001754;ACE01;0027;0019;OPERAÃiES ESPECIAIS DE LIMPEZA;-REA;RECIFE
001355;AF01;0027;1055;MERCADO DE AFOGADOS;PONTUAL;MERCADO DE AFOGADOS
001237;AG01;0027;0736;COLETA DIARIA DIURNA;-REA;VARZEA
001438;AM01;0074;0019;ANIMAL MORTO;PONTUAL;RECIFE
001439;AP01;0074;0019;APREENS+O DIFERENTE DE ANIMAL;-REA;RECIFE
001473;ASF1;0013;0019;PESAGEM DE ASFALTO;-REA;RECIFE
002405;ASF2;0013;0019;PESAGEM DE ASFALTO;-REA;RECIFE
002406;ASF3;0013;0019;PESAGEM DE ASFALTO;-REA;RECIFE
001731;ASS1;0487;0019;ASS  RECICL MURIBECA;-REA;RECIFE
001922;ASS2;0487;0019;ASS  RECICL MURIBECA;-REA;RECIFE
002004;AT01;0013;0019;MATERIAL AUTORIZADO ATERRO;-REA;RECIFE
002865;B001D;0699;0426;CAIXA COMPACTADORA;-REA;BOMBA DO HEMETERIO
002866;B001N;0699;0426;CAIXA COMPACTADORA;-REA;BOMBA DO HEMETERIO
002873;B002D;0699;1001;CAIXA COMPACTADORA;-REA;AV. AG. MAGALH+ES (FAIXA MORTA - AV. NORTE -TACARUNA)
002867;C001D;0699;1073;CAIXA COMPACTADORA;-REA;TORRiES
002871;C002N;0699;1105;CAIXA COMPACTADORA;-REA;RUA CLARA NUNES
002872;C003N;0699;0779;CAIXA COMPACTADORA;-REA;AFOGADOS
002757;C01;0027;0914;CAIXA COMPACTADORA;-REA;TOTO
002758;C02;0027;0884;CAIXA COMPACTADORA;-REA;COHAB
002853;C10;0699;0019;CAIXA COMPACTADORA;-REA;RECIFE
001180;CA01;0025;0230;CAEL;-REA;IBURA
002072;CA02;0025;0230;CAEL;-REA;IBURA
001504;CAG01;0027;0019;A GUE - RESIDUOS DIFERENCIADOS;-REA;RECIFE
002111;CAG02;0027;0019;A GUE - RESIDUOS DIFERENCIADOS;-REA;RECIFE
001503;CAP01;0027;0019;CAPINAÃ+O VIAS PAVIMENTADAS;-REA;RECIFE
001445;CG01;0013;0019;RESIDUOS  LIMPEZA DE CANAL;-REA;RECIFE
002148;CG02;0013;0019;RESID.  LIMPEZA  CANAL LOQUIPE;-REA;RECIFE
002149;CG03;0013;0019;RESID.  LIMPEZA  CANAL  (ETNA);-REA;RECIFE
002150;CG04;0013;0019;RESID.  LIMPEZA  CANAL GUERRA;-REA;RECIFE
002505;CG05;0013;0019;RESID.  LIMPEZA   CONS  PILAR;-REA;RECIFE
002679;CG06;0013;0019;RESID.  LIMPEZA   C C ESTRADA;-REA;RECIFE
002733;CG07;0013;0019;RESID.  LIMPEZA  CANAL PRESSA;-REA;RECIFE
002732;CG08;0013;0019;RESIDUOS  LIMPEZA DE CANAL;-REA;RECIFE
001315;CM01;0001;1041;COL DE ENTULHO- MONTA-CARGA 01;CIRCUITO;ESTAÃ+O DE TRATAMENTO CURADO
001316;CM02;0001;1042;COL.DE ENTULHO- MONTA-CARGA 02;CIRCUITO;ESCOLA APRENDIZ DE MARINHEIRO
001317;CM03;0001;1043;COL.DE ENTULHO- MONTA-CARGA 03;CIRCUITO;ESQUADR+O DE CAVALARIA
002407;CM04;0001;0019;CONTRATOS MONTA-CARGA 04;-REA;RECIFE
002408;CM05;0001;0019;CONTRATOS MONTA-CARGA 05;-REA;RECIFE
002506;COM1;0433;1100;CAIXA COMPACTADORA;-REA;CAIS DE SANTA RITA
002502;COM10;0433;1105;CAIXA COMPACTADORA;-REA;RUA CLARA NUNES
002503;COM11;0433;1106;CAIXA COMPACTADORA;-REA;CEMIT+RIO DE SANTO AMARO
002507;COM2;0433;1001;CAIXA COMPACTADORA;-REA;AV. AG. MAGALH+ES (FAIXA MORTA - AV. NORTE -TACARUNA)
002508;COM3;0433;1002;CAIXA COMPACTADORA;-REA;AV. DR. JAIME DA FONTE
002509;COM4;0433;0779;CAIXA COMPACTADORA;-REA;AFOGADOS
002510;COM5;0433;1101;CAIXA COMPACTADORA;-REA;ILHA DE DEUS
002511;COM6;0433;1103;CAIXA COMPACTADORA;-REA;COMUNIDADE DANCYNG DAYS
002512;COM7;0433;1102;CAIXA COMPACTADORA;-REA;COMUNIDADE ENTRA  APULSO
002513;COM8;0433;1106;CAIXA COMPACTADORA;-REA;CEMIT+RIO DE SANTO AMARO
002514;COM9;0433;1105;CAIXA COMPACTADORA;-REA;RUA CLARA NUNES
001340;CS01;0001;0019;COLETA SELETIVA - 01;-REA;RECIFE
001332;CS02;0001;0213;COLETA SELETIVA - 02;-REA;IPSEP
001333;CS03;0001;1046;COLETA SELETIVA - 03;-REA;VILA DA SUDENE
001337;CS04;0001;0655;COLETA SELETIVA - 04;-REA;TORRE
001335;CS05;0001;0647;COLETA SELETIVA - 05;-REA;MADALENA
002409;CS06;0001;0019;COLETA SELETIVA - 06;-REA;RECIFE
002410;CS07;0001;0019;COLETA SELETIVA - 07;-REA;RECIFE
002411;CS08;0001;0019;COLETA SELETIVA - 08;-REA;RECIFE
002412;CS09;0001;0019;COLETA SELETIVA - 09;-REA;RECIFE
002413;CS10;0001;0019;COLETA SELETIVA - 10;-REA;RECIFE
001884;CS121;0001;0019;COLETA SELETIVA DIARIA;-REA;RECIFE
001885;CS122;0001;0019;COLETA SELETIVA DIARIA;-REA;RECIFE
001886;CS123;0001;0019;COLETA SELETIVA DIARIA;-REA;RECIFE
001887;CS131;0001;0019;COLETA SELETIVA DIARIA;-REA;RECIFE
001888;CS132;0001;0019;COLETA SELETIVA DIARIA;-REA;RECIFE
001889;CS133;0001;0019;COLETA SELETIVA DIARIA;-REA;RECIFE
001890;CS141;0001;0019;COLETA SELETIVA DIARIA;-REA;RECIFE
001891;CS142;0001;0019;COLETA SELETIVA DIARIA;-REA;RECIFE
001892;CS143;0001;0019;COLETA SELETIVA DIARIA;-REA;RECIFE
001893;CS151;0001;0019;COLETA SELETIVA DIARIA;-REA;RECIFE
001894;CS152;0001;0019;COLETA SELETIVA DIARIA;-REA;RECIFE
001895;CS153;0001;0019;COLETA SELETIVA DIARIA;-REA;RECIFE
001896;CS161;0001;0019;COLETA SELETIVA DIARIA;-REA;RECIFE
001897;CS162;0001;0019;COLETA SELETIVA DIARIA;-REA;RECIFE
001898;CS163;0001;0019;COLETA SELETIVA DIARIA;-REA;RECIFE
001899;CS171;0001;0019;COLETA SELETIVA DIARIA;-REA;RECIFE
001900;CS172;0001;0019;COLETA SELETIVA DIARIA;-REA;RECIFE
001901;CS173;0001;0019;COLETA SELETIVA DIARIA;-REA;RECIFE
001902;CS221;0001;0019;COLETA SELETIVA DIARIA;-REA;RECIFE
001903;CS222;0001;0019;COLETA SELETIVA DIARIA;-REA;RECIFE
001904;CS223;0001;0019;COLETA SELETIVA DIARIA;-REA;RECIFE
001905;CS231;0001;0019;COLETA SELETIVA DIARIA;-REA;RECIFE
001854;CS232;0001;0019;COLETA SELETIVA DIARIA;-REA;RECIFE
001906;CS233;0001;0019;COLETA SELETIVA DIARIA;-REA;RECIFE
001907;CS241;0001;0019;COLETA SELETIVA DIARIA;-REA;RECIFE
001908;CS242;0001;0019;COLETA SELETIVA DIARIA;-REA;RECIFE
001909;CS243;0001;0019;COLETA SELETIVA DIARIA;-REA;RECIFE
001910;CS251;0001;0019;COLETA SELETIVA DIARIA;-REA;RECIFE
001911;CS252;0001;0019;COLETA SELETIVA DIARIA;-REA;RECIFE
001912;CS253;0001;0019;COLETA SELETIVA DIARIA;-REA;RECIFE
001914;CS261;0001;0019;COLETA SELETIVA DIARIA;-REA;RECIFE
001915;CS262;0001;0019;COLETA SELETIVA DIARIA;-REA;RECIFE
001916;CS263;0001;0019;COLETA SELETIVA DIARIA;-REA;RECIFE
001917;CS271;0001;0019;COLETA SELETIVA DIARIA;-REA;RECIFE
001918;CS272;0001;0019;COLETA SELETIVA DIARIA;-REA;RECIFE
001919;CS273;0001;0019;COLETA SELETIVA DIARIA;-REA;RECIFE
002868;D001D;0699;1102;CAIXA COMPACTADORA;-REA;COMUNIDADE ENTRA  APULSO
002869;D002D;0699;1103;CAIXA COMPACTADORA;-REA;COMUNIDADE DANCYNG DAYS
002076;DELTA;0460;0019;COLETA  CANAL JACAREZINHO;-REA;RECIFE
002146;DELTA1;0460;0019;COLETA  CANAL JACAREZINHO;-REA;RECIFE
002147;DELTA2;0705;0019;COLETA  CANAL MARIA IRENE;-REA;RECIFE
001604;DP01;0012;0019;COL PODACAO DVLS ZONA SUL;-REA;RECIFE
001924;DP02;0012;0019;COL PODACAO DVLC ZONA CENTRO;-REA;RECIFE
001923;DP03;0012;0019;COL PODACAO DVLN ZONA NORTE;-REA;RECIFE
001927;DP04;0001;0019;ROTA COLETA DE COMPOSTAGEM;-REA;RECIFE
001925;DP05;0012;0019;COLETA PODAÃ+O TRITURADA;-REA;RECIFE
002760;DPA01;0272;0019;COL PODACAO DVLS ZONA SUL;-REA;RECIFE
001692;EN01;0311;0019;COLETA DE ENTULHO - ZONA SUL;CIRCUITO;RECIFE
001693;EN02;0001;0019;COLETA DE ENTULHO- ZONA CENTRO;CIRCUITO;RECIFE
001694;EN03;0001;0019;COLETA DE ENTULHO - ZONA NORTE;CIRCUITO;RECIFE
002001;EN03;0001;0027;COLETA DE ENTULHO - ZONA NORTE;CIRCUITO;SANTO ANTONIO
002483;GOFI1;0025;0027;COLETA  ENTULHO E PODAÃ+O;-REA;SANTO ANTONIO
002492;GOFI1;0025;0043;COLETA  ENTULHO E PODAÃ+O;-REA;ILHA JOANA BEZERRA
002491;GOFI1;0025;0051;COLETA  ENTULHO E PODAÃ+O;-REA;CABANGA
002490;GOFI1;0025;0060;COLETA  ENTULHO E PODAÃ+O;-REA;COELHOS
002493;GOFI1;0025;0078;COLETA  ENTULHO E PODAÃ+O;-REA;ILHA DO LEITE
002489;GOFI1;0025;0086;COLETA  ENTULHO E PODAÃ+O;-REA;BOA VISTA
002494;GOFI1;0025;0094;COLETA  ENTULHO E PODAÃ+O;-REA;PAISSANDU
002487;GOFI1;0025;0108;COLETA  ENTULHO E PODAÃ+O;-REA;SANTO AMARO
002488;GOFI1;0025;0116;COLETA  ENTULHO E PODAÃ+O;-REA;SOLEDADE
002484;GOFI23;0025;0434;COLETA  ENTULHO E PODAÃ+O;-REA;CASA AMARELA
002485;GOFI45;0025;0655;COLETA  ENTULHO E PODAÃ+O;-REA;TORRE
002486;GOFI6;0025;0205;COLETA  ENTULHO E PODAÃ+O;-REA;BOA VIAGEM
002055;GOLE01;0001;0280;PROG COL RESID CONST CIVIL;-REA;CAMPO GRANDE
002054;GOLE02;0001;0035;PROG COL RESID CONST CIVIL;-REA;SAO JOSE
002053;GOLE03;0001;0108;PROG COL RESID CONST CIVIL;-REA;SANTO AMARO
002052;GOLE04;0001;0205;PROG COL RESID CONST CIVIL;-REA;BOA VIAGEM
002051;GOLE05;0001;0779;PROG COL RESID CONST CIVIL;-REA;AFOGADOS
002050;GOLE06;0001;0655;PROG COL RESID CONST CIVIL;-REA;TORRE
001446;J104;0144;0906;SETOR  COLETA DIURNA;-REA;SANCHO
001718;J111;0144;0019;SETOR COLETA NOTURNA;-REA;RECIFE
001719;J204;0398;0019;SETOR COLETA DIURNA;-REA;RECIFE
001717;J214;0398;1069;SETOR COLETA DIURNA;-REA;SETUBAL
001868;J401;0489;0019;SETOR COLETA DIURNA;-REA;RECIFE
001870;J501;0515;1069;SETOR COLETA DIURNA;-REA;SETUBAL
001828;J502;0515;1069;SETOR COLETA  NOTURNA;-REA;SETUBAL
001921;J601;0345;0051;SETOR COLETA DIURNA;-REA;CABANGA
001689;MN01;0311;0019;MECANIZADA DIV. SUL;-REA;RECIFE
001690;MN02;0311;0019;MECANIZADA DIV. CENTRO;-REA;RECIFE
001691;MN03;0311;0019;MECANIZADA DIV. NORTE;-REA;RECIFE
002002;N3P2;0001;0019;SECAO NORTE 3 - PODACAO.2;-REA;RECIFE
002637;NE01;0358;0108;NECROPOLES - SANTO AMARO;-REA;SANTO AMARO
002017;OP01;0665;0019;ROTA ORG+OS P+BLICOS PART.;-REA;RECIFE
001561;P0101;0364;0019;COLETA DIURNA ALTERNADA;-REA;RECIFE
001686;P0103;0364;0019;COLETA DIURNA ALTERNADA;-REA;RECIFE
001723;P0105;0364;0019;COLETA DIURNA ALTERNADA;-REA;RECIFE
001598;P0107;0364;0019;COLETA DIURNA ALTERNADA;-REA;RECIFE
001741;P0109;0364;0019;COLETA DIURNA ALTERNADA;-REA;RECIFE
001724;P0111;0364;0019;COLETA DIURNA ALTERNADA;-REA;RECIFE
002414;P0113;0364;0019;COLETA DIURNA ALTERNADA;-REA;RECIFE
001742;P0202;0364;0019;COLETA DIURNA ALTERNADA;-REA;RECIFE
001743;P0204;0364;0019;COLETA DIURNA ALTERNADA;-REA;RECIFE
001744;P0206;0364;0019;COLETA DIURNA ALTERNADA;-REA;RECIFE
001745;P0208;0364;0019;COLETA DIURNA ALTERNADA;-REA;RECIFE
001539;P0210;0364;0008;COLETA DIURNA ALTERNADA;-REA;CORREGO GAMELEIRA
001881;P0212;0364;0019;COLETA DIURNA ALTERNADA;-REA;RECIFE
002415;P0214;0364;0019;COLETA DIURNA ALTERNADA;-REA;RECIFE
001728;P0301;0364;0019;COLETA NOTURNA ALTERNADA;-REA;RECIFE
001422;P0303;0364;0140;COLETA NOTURNA ALTERNADA;-REA;DERBY
001465;P0305;0364;0019;COLETA NOTURNA ALTERNADA;-REA;RECIFE
001748;P0307;0364;0019;COLETA NOTURNA ALTERNADA;-REA;RECIFE
001464;P0309;0364;0019;COLETA NOTURNA ALTERNADA;-REA;RECIFE
001749;P0311;0364;0019;COLETA NOTURNA ALTERNADA;-REA;RECIFE
002416;P0313;0364;0019;COLETA NOTURNA ALTERNADA;-REA;RECIFE
001499;P0402;0364;0019;COLETA NOTURNA ALTERNADA;-REA;RECIFE
001408;P0404;0364;0205;COLETA NOTURNA ALTERNADA;-REA;BOA VIAGEM
001750;P0406;0364;0019;COLETA NOTURNA ALTERNADA;-REA;RECIFE
001497;P0408;0364;0019;COLETA NOTURNA ALTERNADA;-REA;RECIFE
001676;P0410;0364;0108;COLETA NOTURNA ALTERNADA;-REA;SANTO AMARO
001751;P0412;0364;0019;COLETA NOTURNA ALTERNADA;-REA;RECIFE
002417;P0414;0364;0019;CCOLETA NOTURNA ALTERNADA;-REA;RECIFE
002418;P0448;0364;0019;COLETA NOTURNA ALTERNADA;-REA;RECIFE
001880;P1602;0364;0019;COLETA PODAÃ+O DIURNA;-REA;RECIFE
002419;P1604;0364;0019;COLETA PODAÃ+O DIURNA;-REA;RECIFE
002420;P1606;0364;0019;COLETA PODAÃ+O DIURNA;-REA;RECIFE
002421;P1608;0364;0019;COLETA PODAÃ+O DIURNA;-REA;RECIFE
002422;P1610;0364;0019;COLETA PODAÃ+O DIURNA;-REA;RECIFE
002423;P1612;0364;0019;COLETA PODAÃ+O DIURNA;-REA;RECIFE
002424;P1614;0364;0019;COLETA PODAÃ+O DIURNA;-REA;RECIFE
002425;P1616;0364;0019;COLETA PODAÃ+O DIURNA;-REA;RECIFE
002426;P1618;0364;0019;COLETA PODAÃ+O DIURNA;-REA;RECIFE
002427;P1620;0364;0019;COLETA PODAÃ+O DIURNA;-REA;RECIFE
002428;P1622;0364;0019;COLETA PODAÃ+O DIURNA;-REA;RECIFE
002429;P1624;0364;0019;COLETA PODAÃ+O DIURNA;-REA;RECIFE
002430;P1626;0364;0019;COLETA PODAÃ+O DIURNA;-REA;RECIFE
002431;P1628;0364;0019;COLETA PODAÃ+O DIURNA;-REA;RECIFE
001746;P2602;0364;0019;COLETA PODAÃ+O NOTURNA;-REA;RECIFE
001747;P2604;0364;0019;COLETA PODAÃ+O NOTURNA;-REA;RECIFE
001958;P2606;0364;0019;COLETA PODAÃ+O NOTURNA;-REA;RECIFE
001603;PAG01;0437;0019;CONSTRUTORA ANDRADE GUEDES LTD;-REA;RECIFE
002070;PAG02;0437;0019;CONSTRUTORA ANDRADE GUEDES LTD;-REA;RECIFE
001441;PD01;0001;0019;PESAGEM DE PEDRA;PONTUAL;RECIFE
002504;PILAR;0707;0019;COLETA  ENTULHOS PILAR;-REA;RECIFE
001470;PO01;0012;0019;COL.PODACAO-DVLS-ZONA SUL;CIRCUITO;RECIFE
001471;PO02;0012;0019;COL.PODACAO-DVLC-ZONA CENTRO;CIRCUITO;RECIFE
001472;PO03;0012;0019;COL.PODACAO-DVLN-ZONA NORTE;CIRCUITO;RECIFE
001801;Q0102;0364;0019;SETORES ALTERNADOS DIURNOS;-REA;RECIFE
001936;Q0104;0364;0434;SETORES ALTERNADOS DIURNOS;-REA;CASA AMARELA
002249;Q0105;0364;0019;COLETA DIURNA ALTERNADA;-REA;RECIFE
001757;Q0106;0364;0019;SETORES ALTERNADOS DIURNOS;-REA;RECIFE
002250;Q0107;0364;0019;COLETA DIURNA ALTERNADA;-REA;RECIFE
001803;Q0108;0364;0019;SETORES ALTERNADOS DIURNOS;-REA;RECIFE
002251;Q0109;0364;0019;COLETA DIURNA ALTERNADA;-REA;RECIFE
001937;Q0110;0364;0191;SETORES ALTERNADOS DIURNOS;-REA;TAMARINEIRA
001938;Q0110;0364;0434;SETORES ALTERNADOS DIURNOS;-REA;CASA AMARELA
002252;Q0111;0364;0019;COLETA DIURNA ALTERNADA;-REA;RECIFE
001805;Q0112;0364;0019;SETORES ALTERNADOS DIURNOS;-REA;RECIFE
002253;Q0113;0364;0019;COLETA DIURNA ALTERNADA;-REA;RECIFE
001945;Q0114;0364;0450;SETORES ALTERNADOS DIURNOS;-REA;SANTANA
002254;Q0115;0364;0019;COLETA DIURNA ALTERNADA;-REA;RECIFE
001940;Q0116;0364;0450;SETORES ALTERNADOS DIURNOS;-REA;SANTANA
001939;Q0116;0364;0469;SETORES ALTERNADOS DIURNOS;-REA;PARNAMIRIM
001596;Q0117;0364;0019;COLETA DIURNA ALTERNADA;-REA;RECIFE
001941;Q0118;0364;0191;SETORES ALTERNADOS DIURNOS;-REA;TAMARINEIRA
001942;Q0118;0364;0434;SETORES ALTERNADOS DIURNOS;-REA;CASA AMARELA
002255;Q0119;0364;0019;COLETA DIURNA ALTERNADA;-REA;RECIFE
001944;Q0120;0364;0191;SETORES ALTERNADOS DIURNOS;-REA;TAMARINEIRA
001943;Q0120;0364;0434;SETORES ALTERNADOS DIURNOS;-REA;CASA AMARELA
001648;Q0121;0364;0019;COLETA DIURNA ALTERNADA;-REA;RECIFE
001946;Q0122;0364;0329;SETORES ALTERNADOS DIURNOS;-REA;ARRUDA
001597;Q0123;0364;0019;COLETA DIURNA ALTERNADA;-REA;RECIFE
001948;Q0124;0364;0345;SETORES ALTERNADOS DIURNOS;-REA;FUNDAO
002256;Q0125;0364;0019;COLETA DIURNA ALTERNADA;-REA;RECIFE
001882;Q0126;0364;0108;SETORES ALTERNADOS DIURNOS;-REA;SANTO AMARO
002257;Q0127;0364;0019;COLETA DIURNA ALTERNADA;-REA;RECIFE
001812;Q0128;0364;0019;SETORES ALTERNADOS DIURNOS;-REA;RECIFE
002258;Q0129;0364;0019;COLETA DIURNA ALTERNADA;-REA;RECIFE
001947;Q0130;0364;0353;SETORES ALTERNADOS DIURNOS;-REA;CAJUEIRO
001650;Q0131;0364;0205;COLETA DIURNA ALTERNADA;-REA;BOA VIAGEM
001949;Q0132;0364;0930;SETORES ALTERNADOS DIURNOS;-REA;PONTO DE PARADA
002259;Q0133;0364;0019;COLETA DIURNA ALTERNADA;-REA;RECIFE
001952;Q0134;0364;0175;SETORES ALTERNADOS DIURNOS;-REA;ENCRUZILHADA
002260;Q0135;0364;0019;COLETA DIURNA ALTERNADA;-REA;RECIFE
001951;Q0136;0364;0175;SETORES ALTERNADOS DIURNOS;-REA;ENCRUZILHADA
002261;Q0137;0364;0019;COLETA DIURNA ALTERNADA;-REA;RECIFE
001950;Q0138;0364;0175;SETORES ALTERNADOS DIURNOS;-REA;ENCRUZILHADA
002262;Q0139;0364;0019;COLETA DIURNA ALTERNADA;-REA;RECIFE
001953;Q0140;0364;0280;SETORES ALTERNADOS DIURNOS;-REA;CAMPO GRANDE
001652;Q0141;0364;0019;COLETA DIURNA ALTERNADA;-REA;RECIFE
001954;Q0142;0364;0108;SETORES ALTERNADOS DIURNOS;-REA;SANTO AMARO
001654;Q0143;0364;0019;COLETA DIURNA ALTERNADA;-REA;RECIFE
001816;Q0144;0364;0019;COLETA DIURNA ALTERNADA;-REA;RECIFE
002263;Q0145;0364;0019;COLETA DIURNA ALTERNADA;-REA;RECIFE
001817;Q0146;0364;0019;SETORES ALTERNADOS DIURNOS;-REA;RECIFE
002264;Q0147;0364;0019;COLETA DIURNA ALTERNADA;-REA;RECIFE
002265;Q0149;0364;0019;COLETA DIURNA ALTERNADA;-REA;RECIFE
002266;Q0155;0364;0019;COLETA DIURNA ALTERNADA;-REA;RECIFE
002267;Q0157;0364;0019;COLETA DIURNA ALTERNADA;-REA;RECIFE
001400;Q0159;0364;0434;COLETA DIURNA ALTERNADA;-REA;CASA AMARELA
002269;Q0161;0001;0019;COLETA DIURNA ALTERNADA EMA+S;-REA;RECIFE
001658;Q0162;0001;0019;COLETA DIURNA ALTERNADA EMLURB;-REA;RECIFE
001659;Q0163;0001;0019;COLETA DIURNA ALTERNADA EMLURB;-REA;RECIFE
002270;Q0165;0364;0019;COLETA DIARIA DIURNA;-REA;RECIFE
002271;Q0167;0364;0019;COLETA DIURNA ALTERNADA;-REA;RECIFE
002272;Q0169;0364;0019;COLETA DIURNA ALTERNADA;-REA;RECIFE
002273;Q0175;0364;0019;COLETA DIURNA ALTERNADA;-REA;RECIFE
002274;Q0177;0364;0019;COLETA DIURNA ALTERNADA;-REA;RECIFE
002275;Q0179;0364;0019;COLETA DIURNA ALTERNADA;-REA;RECIFE
002276;Q0181;0364;0019;COLETA DIURNA ALTERNADA;-REA;RECIFE
002277;Q0183;0364;0019;COLETA DIURNA ALTERNADA;-REA;RECIFE
002278;Q0185;0364;0019;COLETA DIURNA ALTERNADA;-REA;RECIFE
002279;Q0187;0364;0019;COLETA DIURNA ALTERNADA;-REA;RECIFE
002280;Q0189;0364;0019;COLETA DIURNA ALTERNADA;-REA;RECIFE
002281;Q0191;0364;0019;COLETA DIURNA ALTERNADA;-REA;RECIFE
002282;Q0193;0364;0019;COLETA DIURNA ALTERNADA;-REA;RECIFE
001761;Q0201;0364;0019;COLETA DIURNA ALTERNADA;-REA;RECIFE
001955;Q0202;0364;0779;SETORES ALTERNADOS DIURNOS;-REA;AFOGADOS
001762;Q0203;0364;0019;COLETA DIURNA ALTERNADA;-REA;RECIFE
001957;Q0204;0364;0680;SETORES ALTERNADOS DIURNOS;-REA;CORDEIRO
001956;Q0204;0364;0710;SETORES ALTERNADOS DIURNOS;-REA;ENGENHO DO MEIO
001763;Q0205;0364;0019;COLETA DIURNA ALTERNADA;-REA;RECIFE
001764;Q0206;0364;0019;SETORES ALTERNADOS DIURNOS;-REA;RECIFE
001765;Q0207;0364;0019;COLETA DIURNA ALTERNADA;-REA;RECIFE
001766;Q0208;0364;0019;SETORES ALTERNADOS DIURNOS;-REA;RECIFE
001767;Q0209;0364;0019;COLETA DIURNA ALTERNADA;-REA;RECIFE
001768;Q0210;0364;0019;SETORES ALTERNADOS DIURNOS;-REA;RECIFE
001769;Q0211;0364;0019;COLETA DIURNA ALTERNADA;-REA;RECIFE
001770;Q0212;0364;0019;SETORES ALTERNADOS DIURNOS;-REA;RECIFE
001771;Q0213;0364;0019;COLETA DIURNA ALTERNADA;-REA;RECIFE
002173;Q0214;0364;1073;SETORES ALTERNADOS DIURNOS;-REA;TORRiES
001773;Q0215;0364;0019;COLETA DIURNA ALTERNADA;-REA;RECIFE
001758;Q0216;0364;0019;SETORES ALTERNADOS DIURNOS;-REA;RECIFE
001774;Q0217;0364;0019;COLETA DIURNA ALTERNADA;-REA;RECIFE
001775;Q0218;0364;0019;SETORES ALTERNADOS DIURNOS;-REA;RECIFE
001776;Q0219;0364;0019;COLETA DIURNA ALTERNADA;-REA;RECIFE
001777;Q0220;0364;0019;SETORES ALTERNADOS DIURNOS;-REA;RECIFE
001778;Q0221;0364;0019;COLETA DIURNA ALTERNADA;-REA;RECIFE
001779;Q0222;0364;0019;SETORES ALTERNADOS DIURNOS;-REA;RECIFE
001780;Q0223;0364;0019;COLETA DIURNA ALTERNADA;-REA;RECIFE
001928;Q0224;0364;0795;SETORES ALTERNADOS DIURNOS;-REA;MANGUEIRA
001929;Q0224;0364;0825;SETORES ALTERNADOS DIURNOS;-REA;JIQUIA
001782;Q0225;0364;0019;COLETA DIURNA ALTERNADA;-REA;RECIFE
001883;Q0226;0364;0213;SETORES ALTERNADOS DIURNOS;-REA;IPSEP
001784;Q0227;0364;0019;COLETA DIURNA ALTERNADA;-REA;RECIFE
001785;Q0228;0364;0019;SETORES ALTERNADOS DIURNOS;-REA;RECIFE
001786;Q0229;0364;0019;COLETA DIURNA ALTERNADA;-REA;RECIFE
001787;Q0230;0364;0019;SETORES ALTERNADOS DIURNOS;-REA;RECIFE
001788;Q0231;0364;0019;COLETA DIURNA ALTERNADA;-REA;RECIFE
001789;Q0232;0364;0019;SETORES ALTERNADOS DIURNOSA;-REA;RECIFE
001790;Q0233;0364;0019;COLETA DIURNA ALTERNADA;-REA;RECIFE
001791;Q0234;0364;0019;SETORES ALTERNADOS DIURNOS;-REA;RECIFE
001792;Q0235;0364;0019;COLETA DIURNA ALTERNADA;-REA;RECIFE
001793;Q0236;0364;0019;SETORES ALTERNADOS DIURNOS;-REA;RECIFE
001794;Q0237;0364;0019;COLETA DIURNA ALTERNADA;-REA;RECIFE
001795;Q0238;0364;0019;SETORES ALTERNADOS DIURNOS;-REA;RECIFE
001796;Q0239;0364;0019;COLETA DIURNA ALTERNADA;-REA;RECIFE
001797;Q0240;0364;0019;SETORES ALTERNADOS DIURNOS;-REA;RECIFE
002283;Q0241;0364;0019;COLETA DIURNA ALTERNADA;-REA;RECIFE
001798;Q0242;0364;0019;SETORES ALTERNADOS DIURNOS;-REA;RECIFE
002284;Q0243;0364;0019;COLETA DIURNA ALTERNADA;-REA;RECIFE
001799;Q0244;0364;0019;COLETA DIURNA ALTERNADA;-REA;RECIFE
002285;Q0245;0364;0019;COLETA DIURNA ALTERNADA;-REA;RECIFE
001800;Q0246;0364;0019;SETORES ALTERNADOS DIURNOS;-REA;RECIFE
001855;Q0248;0364;0019;COLETA DIURNA ALTERNADA;-REA;RECIFE
002286;Q0250;0364;0019;COLETA DIURNA ALTERNADA;-REA;RECIFE
002287;Q0252;0364;0019;COLETA DIURNA ALTERNADA;-REA;RECIFE
002288;Q0254;0364;0019;COLETA DIURNA ALTERNADA;-REA;RECIFE
002289;Q0256;0364;0019;COLETA DIURNA ALTERNADA;-REA;RECIFE
002290;Q0258;0364;0019;COELTA DIURNA ALTERNADA;-REA;RECIFE
002291;Q0260;0364;0019;COLETA DIURNA ALTERNADA;-REA;RECIFE
002292;Q0262;0364;0019;COLETA DIURNA ALTERNADA;-REA;RECIFE
002293;Q0264;0364;0019;COLETA DIARIA DIURNA;-REA;RECIFE
002294;Q0266;0364;0019;COLETA DIARIA DIURNA;-REA;RECIFE
002295;Q0268;0364;0019;COLETA DIARIA DIURNA;-REA;RECIFE
002296;Q0270;0364;0019;COELTA DIURNA ALTERNADA;-REA;RECIFE
002297;Q0272;0364;0019;COLETA DIURNA ALTERNADA;-REA;RECIFE
002298;Q0274;0364;0019;COLET DIURNA ALTERNADA;-REA;RECIFE
002299;Q0276;0364;0019;COLETA DIURNA ALTERNADA;-REA;RECIFE
001563;Q0278;0364;0019;COLETA DIURNA ALTERNADA;-REA;RECIFE
002300;Q0280;0364;0019;COLETA DIURNA ALTERNADA;-REA;RECIFE
002301;Q0282;0364;0019;COLETA DIURNA ALTERNADA;-REA;RECIFE
002302;Q0284;0364;0019;COLETA DIURNA ALTERNADA;-REA;RECIFE
002303;Q0286;0364;0019;COLETA DIURNA ALTERNADA;-REA;RECIFE
002304;Q0288;0364;0019;COLETA DIURNA ALTERNADA;-REA;RECIFE
002305;Q0290;0364;0019;COLETA DIURNA ALTERNADA;-REA;RECIFE
002307;Q0292;0364;0019;COLETA DIURNA ALTERNADA;-REA;RECIFE
002308;Q0294;0364;0019;COLETA DIURNA ALTERNADA;-REA;RECIFE
002309;Q0296;0364;0019;COLETA DIURNA ALTERNADA;-REA;RECIFE
001966;Q0301;0364;1073;SETORES ALTERNADOS NOTURNOS;-REA;TORRiES
001967;Q0303;0364;0663;SETORES ALTERNADOS NOTURNOS;-REA;PRADO
002200;Q0303;0364;1073;SETORES ALTERNADOS NOTURNOS;-REA;TORRiES
001618;Q0305;0364;0124;SETORES ALTERNADOS NOTURNOS;-REA;ESPINHEIRO
001620;Q0307;0364;0132;SETORES ALTERNADOS NOTURNOS;-REA;AFLITOS
001623;Q0309;0364;0191;SETORES ALTERNADOS NOTURNOS;-REA;TAMARINEIRA
002041;Q0311;0364;0159;SETORES ALTERNADOS NOTURNOS;-REA;JAQUEIRA
002042;Q0313;0364;1060;SETORES ALTERNADOS NOTURNOS;-REA;JARDIM UCHOA
001619;Q0315;0364;0124;SETORES ALTERNADOS NOTURNOS;-REA;ESPINHEIRO
001624;Q0317;0364;0167;SETORES ALTERNADOS NOTURNOS;-REA;GRACAS
001610;Q0319;0364;0140;SETORES ALTERNADOS NOTURNOS;-REA;DERBY
001625;Q0321;0364;0760;SETORES ALTERNADOS NOTURNOS;-REA;ILHA DO RETIRO
001612;Q0323;0364;0647;SETORES ALTERNADOS NOTURNOS;-REA;MADALENA
001627;Q0325;0364;0655;SETORES ALTERNADOS NOTURNOS;-REA;TORRE
001626;Q0327;0364;0647;SETORES ALTERNADOS NOTURNOS;-REA;MADALENA
001628;Q0329;0364;0655;SETORES ALTERNADOS NOTURNOS;-REA;TORRE
001629;Q0331;0364;0680;SETORES ALTERNADOS NOTURNOS;-REA;CORDEIRO
001978;Q0333;0364;0680;SETORES ALTERNADOS NOTURNOS;-REA;CORDEIRO
002310;Q0335;0364;0019;COLETA NOTURNA ALTERNADA;-REA;RECIFE
001680;Q0337;0364;0019;COLETA NOTURNA ALTERNADA;-REA;RECIFE
002311;Q0339;0364;0019;COLETA NOTURNA ALTERNADA;-REA;RECIFE
001615;Q0340;0364;0205;SETORES ALTERNADOS NOTURNOS;-REA;BOA VIAGEM
002034;Q0340;0364;0655;SETORES ALTERNADOS NOTURNOS;-REA;TORRE
002312;Q0341;0364;0019;COLETA NOTURNA ALTERNADA;-REA;RECIFE
002038;Q0342;0364;0167;SETORES ALTERNADOS NOTURNOS;-REA;GRACAS
002037;Q0342;0364;1069;SETORES ALTERNADOS NOTURNOS;-REA;SETUBAL
002313;Q0343;0364;0019;COLETA NOTURNA ALTERNADA;-REA;RECIFE
002029;Q0344;0364;0442;SETORES ALTERNADOS NOTURNOS;-REA;CASA FORTE
002028;Q0344;0364;0710;SETORES ALTERNADOS NOTURNOS;-REA;ENGENHO DO MEIO
002314;Q0345;0364;0019;COLETA NOTURNA ALTERNADA;-REA;RECIFE
002026;Q0346;0364;0213;SETORES ALTERNADOS NOTURNOS;-REA;IPSEP
002027;Q0346;0364;0280;SETORES ALTERNADOS NOTURNOS;-REA;CAMPO GRANDE
002315;Q0347;0364;0019;COLETA NOTURNA ALTERNADA;-REA;RECIFE
002316;Q0349;0364;0019;COLETA NOTURNA ALTERNADA;-REA;RECIFE
002317;Q0351;0364;0019;COLETA NOTURNA ALTERNADA;-REA;RECIFE
002318;Q0353;0364;0019;COLETA NOTURNA ALTERNADA;-REA;RECIFE
002319;Q0355;0364;0019;COLETA NOTURNA ALTERNADA;-REA;RECIFE
002320;Q0357;0364;0019;COLETA NOTURNA ALTERNADA;-REA;RECIFE
002321;Q0359;0364;0019;COLETA NOTURNA ALTERNADA;-REA;RECIFE
002322;Q0361;0364;0019;COLETA NOTURNA ALTERNADA;-REA;RECIFE
002323;Q0363;0364;0019;COLETA DIARIA DIURNA;-REA;RECIFE
002324;Q0365;0364;0019;COLETA DIARIA DIURNA;-REA;RECIFE
002325;Q0367;0364;0019;COLETA NOTURNA ALTERNADA;-REA;RECIFE
002326;Q0369;0364;0019;COLETA DIARIA DIURNA;-REA;RECIFE
002327;Q0371;0364;0019;COLETA NOTURNA ALTERNADA;-REA;RECIFE
002328;Q0373;0364;0019;COLETA NOTURNA ALTERNADA;-REA;RECIFE
002329;Q0375;0364;0019;COLETA NOTURNA ALTERNADA;-REA;RECIFE
001601;Q0377;0364;0019;COLETA NOTURNA ALTERNADA;-REA;RECIFE
002330;Q0379;0364;0019;COLETA NOTURNA ALTERNADA;-REA;RECIFE
002331;Q0381;0364;0019;COLETA NOTURNA ALTERNADA;-REA;RECIFE
002332;Q0383;0364;0019;COLETA NOTURNA ALTERNADA;-REA;RECIFE
002333;Q0385;0364;0019;COLETA NOTURNA ALTERNADA;-REA;RECIFE
002334;Q0387;0364;0019;COLETA NOTURNA ALTRNADA;-REA;RECIFE
002335;Q0389;0364;0019;COLETA NOTURNA ALTERNADA;-REA;RECIFE
002336;Q0391;0364;0019;COLETA NOTURNA ALTERNADA;-REA;RECIFE
002337;Q0393;0364;0019;COLETA NOTURNA ALTERNADA;-REA;RECIFE
002338;Q0395;0364;0019;COLETA NOTURNA ALTERNADA;-REA;RECIFE
002339;Q0397;0364;0019;COLETA NOTURNA ALTERNADA;-REA;RECIFE
001632;Q0401;0364;0248;SETORES ALTERNADOS NOTURNOS;-REA;PINA
002043;Q0403;0364;0248;SETORES ALTERNADOS NOTURNOS;-REA;PINA
001634;Q0405;0364;0205;SETORES ALTERNADOS NOTURNOS;-REA;BOA VIAGEM
001635;Q0407;0364;0205;SETORES ALTERNADOS NOTURNOS;-REA;BOA VIAGEM
001636;Q0409;0364;0205;SETORES ALTERNADOS NOTURNOS;-REA;BOA VIAGEM
001637;Q0411;0364;0205;SETORES ALTERNADOS NOTURNOS;-REA;BOA VIAGEM
002340;Q0412;0364;0019;COLETA NOTURNA ALTERNADA;-REA;RECIFE
001638;Q0413;0364;0205;SETORES ALTERNADOS NOTURNOS;-REA;BOA VIAGEM
001685;Q0414;0364;0019;COLETA NOTURNA ATERNADA;-REA;RECIFE
002044;Q0415;0364;0205;SETORES ALTERNADOS NOTURNOS;-REA;BOA VIAGEM
002341;Q0416;0364;0019;COLETA NOTURNA ALTERNADA;-REA;RECIFE
001644;Q0417;0364;0264;SETORES ALTERNADOS NOTURNOS;-REA;IMBIRIBEIRA
002342;Q0418;0364;0019;COLETA NOTURNA ALTERNADA;-REA;RECIFE
001998;Q0419;0364;0205;SETORES ALTERNADOS NOTURNOS;-REA;BOA VIAGEM
002343;Q0420;0364;0019;COLETA NOTURNA ALTERNADA;-REA;RECIFE
001639;Q0421;0364;0205;SETORES ALTERNADOS NOTURNOS;-REA;BOA VIAGEM
002345;Q0422;0364;0019;COLETA NOTURNA ALTERNADA;-REA;RECIFE
002045;Q0423;0364;1069;SETORES ALTERNADOS NOTURNOS;-REA;SETUBAL
002346;Q0424;0364;0019;COLETA NOTURNA ALTERNADA;-REA;RECIFE
002046;Q0425;0364;1069;SETORES ALTERNADOS NOTURNOS;-REA;SETUBAL
001696;Q0426;0364;0019;COLETA NOTURNA ALTERNADA;-REA;RECIFE
001994;Q0427;0364;1069;SETORES ALTERNADOS NOTURNOS;-REA;SETUBAL
002347;Q0428;0364;0019;COLETA NOTURNA ALTERNADA;-REA;RECIFE
001647;Q0429;0364;1069;SETORES ALTERNADOS NOTURNOS;-REA;SETUBAL
002348;Q0430;0364;0019;COLETA NOTURNA ALTERNADA;-REA;RECIFE
002047;Q0431;0364;1069;SETORES ALTERNADOS NOTURNOS;-REA;SETUBAL
002349;Q0432;0364;0019;COLETA NOTURNA ALTERNADA;-REA;RECIFE
002048;Q0433;0364;1069;SETORES ALTERNADOS NOTURNOS;-REA;SETUBAL
002350;Q0434;0364;0019;COLETA NOTURNA ALTERNADA;-REA;RECIFE
001399;Q0436;0364;0108;COLETRA NOTURNA ALTERNADA;-REA;SANTO AMARO
002351;Q0438;0364;0019;COLETA NOTURNA ALTERNADA;-REA;RECIFE
002035;Q0440;0364;0205;SETORES ALTERNADOS NOTURNOS;-REA;BOA VIAGEM
002036;Q0440;0364;0655;SETORES ALTERNADOS NOTURNOS;-REA;TORRE
002040;Q0442;0364;0167;SETORES ALTERNADOS NOTURNOS;-REA;GRACAS
002039;Q0442;0364;1069;SETORES ALTERNADOS NOTURNOS;-REA;SETUBAL
002031;Q0444;0364;0442;SETORES ALTERNADOS NOTURNOS;-REA;CASA FORTE
002030;Q0444;0364;0710;SETORES ALTERNADOS NOTURNOS;-REA;ENGENHO DO MEIO
002032;Q0446;0364;0213;SETORES ALTERNADOS NOTURNOS;-REA;IPSEP
002033;Q0446;0364;0280;SETORES ALTERNADOS NOTURNOS;-REA;CAMPO GRANDE
002352;Q0448;0364;0019;COLETA NOTURNA ALTERNADA;-REA;RECIFE
002353;Q0450;0364;0019;COLETA NOTURNA ALTERNADA;-REA;RECIFE
002354;Q0452;0364;0019;COLETA NOTURNA ALTERNADA;-REA;RECIFE
002355;Q0454;0364;0019;COLETA NOTURNA ALTERNADA;-REA;RECIFE
002356;Q0455;0364;0019;COLETA DIARIA DIURNA;-REA;RECIFE
002357;Q0456;0364;0019;COLETA NOTURNA ALTERNADA;-REA;RECIFE
002358;Q0458;0364;0019;COLETA  NOTURNA ALTERNADA;-REA;RECIFE
002359;Q0460;0364;0019;COLETA NOTURNA ALTERNADA;-REA;RECIFE
002360;Q0462;0364;0019;COLETA NOTURNA ALTERNADA;-REA;RECIFE
002361;Q0464;0364;0019;COLETA DIARIA DIURNA;-REA;RECIFE
002362;Q0466;0364;0019;COLETA DIARIA DIURNA;-REA;RECIFE
002363;Q0468;0364;0019;COLETA NOTURNA ATERNADA;-REA;RECIFE
002364;Q0470;0364;0019;COLETA NOTURNA ALTERNADA;-REA;RECIFE
002365;Q0472;0364;0019;COLETA NOTURNA ALTERNADA;-REA;RECIFE
002366;Q0474;0364;0019;COLETA NOTURNA ALTERNADA;-REA;RECIFE
002367;Q0476;0364;0019;COLETA NOTURNA ALTERNADA;-REA;RECIFE
002368;Q0478;0364;0019;COLETA NOTURNA ALTERNADA;-REA;RECIFE
002369;Q0480;0364;0019;COLETA NOTURNA ALTERNADA;-REA;RECIFE
002370;Q0482;0364;0019;COLETA NOTURNA ALTERNADA;-REA;RECIFE
002371;Q0484;0364;0019;COLETA NOTURNA ALTERNADA;-REA;RECIFE
002372;Q0486;0364;0019;COLETA NOTURNA ALTERNADA;-REA;RECIFE
002373;Q0488;0364;0019;COLETA NOTURNA ALTERNADA;-REA;RECIFE
002374;Q0490;0364;0019;COLETA NOTURNA ALTERNADA;-REA;RECIFE
002375;Q0492;0364;0019;COLETA NOTURNA ALTERNADA;-REA;RECIFE
002376;Q0494;0364;0019;COLETA NOTURNA ALTERNADA;-REA;RECIFE
002049;Q0496;0364;0019;COLETA NOTURNA ALTERNADA;-REA;RECIFE
002377;Q0498;0364;0019;COLETA NOTURNA ALTERNADA;-REA;RECIFE
002019;Q0501;0364;0116;SETORES DI-RIOS NOTURNOS;-REA;SOLEDADE
002020;Q0502;0364;1068;SETORES DI-RIOS VESPERTINOS;-REA;CH+O DE ESTRELAS
001478;Q0503;0364;0019;SETORES DI-RIOS NOTURNOS;-REA;RECIFE
001821;Q0504;0364;0019;COLETA DOMICILIAR NOTURNA;-REA;RECIFE
002021;Q0505;0364;0060;SETORES DI-RIOS NOTURNOS;-REA;COELHOS
001822;Q0506;0364;0019;SETORES DI-RIOS VESPERTINOS;-REA;RECIFE
002022;Q0507;0364;0027;SETORES DI-RIOS NOTURNOS;-REA;SANTO ANTONIO
001484;Q0509;0364;0019;SETORES DI-RIOS NOTURNOS;-REA;RECIFE
001930;Q0511;0364;0086;SETORES NAS SEGUNDAS-FEIRA;-REA;BOA VISTA
001823;Q0512;0364;0019;SETORES DI-RIOS VESPERTINOS;-REA;RECIFE
001462;Q0513;0364;0019;COLETA DOMICILIAR NOTURNA;-REA;RECIFE
001824;Q0514;0364;0019;COLETA DOMICILIAR VESPERTINA;-REA;RECIFE
001495;Q0515;0364;0019;COLETA DOMICILIAR NOTURNA;-REA;RECIFE
001819;Q0516;0364;0019;SETORES DI-RIOS VESPERTINOS;-REA;RECIFE
001469;Q0517;0364;0019;COLETA DOMICILIAR NOTURNA;-REA;RECIFE
001818;Q0518;0364;0426;SETORES DI-RIOS VESPERTINOS;-REA;BOMBA DO HEMETERIO
001491;Q0519;0364;0019;COLETA DOMICILIAR NOTURNA;-REA;RECIFE
002023;Q0520;0364;1063;SETORES DI-RIOS VESPERTINOS;-REA;ALTO SANTA TEREZINHA
001483;Q0521;0364;0019;COLETA DOMICILIAR NOTURNA;-REA;RECIFE
002024;Q0522;0364;0337;SETORES DI-RIOS VESPERTINOS;-REA;AGUA FRIA
001481;Q0523;0364;0019;COLETA DOMICILIAR NOTURNA;-REA;RECIFE
001827;Q0524;0364;0019;COLETA DOMICILIAR VESPERTINA;-REA;RECIFE
001467;Q0525;0364;0019;COLETA DOMICILIAR NOTURNA;-REA;RECIFE
001879;Q0526;0364;0019;SETORES DI-RIOS VESPERTINOS;-REA;RECIFE
001421;Q0527;0364;0086;COLETA DOMICILIAR NOTURNA;-REA;BOA VISTA
001420;Q0527;0364;0108;COLETA DOMICILIAR NOTURNA;-REA;SANTO AMARO
001869;Q0528;0364;0019;COLETA DOMICILIAR NOTURNA;-REA;RECIFE
001493;Q0529;0364;0019;COLETA DOMICILIAR NOTURNA;-REA;RECIFE
;Q0530;0364;0531;SETORES DI-RIOS VESPERTINOS;-REA;MORRO DA CONCEICAO
002248;Q0530;0364;0531;SETORES DI-RIOS VESPERTINOS;-REA;MORRO DA CONCEICAO
001496;Q0531;0364;0019;COLETA DOMCILIAR NOTURNA;-REA;RECIFE
002025;Q0532;0364;0590;SETORES DI-RIOS VESPERTINOS;-REA;DOIS IRMAOS
001463;Q0533;0364;0019;COLETA DOMICILIAR NOTURNA;-REA;RECIFE
002003;Q0534;0364;0019;COLETA DOMICILIAR NOTURNA;-REA;RECIFE
001486;Q0535;0364;0019;COLETA DOMICILIAR NOTURNA;-REA;RECIFE
002056;Q0536;0364;0019;COLETA DOMICILIAR NOTURNA;-REA;RECIFE
001670;Q0537;0364;0205;COLETA DOMICILIAR NOTURNA;-REA;BOA VIAGEM
002057;Q0538;0364;0019;COLETA DOMICILIAR NOTURNA;-REA;RECIFE
001494;Q0539;0364;0019;COLETA DOMICILIAR NOTURNA;-REA;RECIFE
002058;Q0540;0364;0019;COLETA DOMICILIAR NOTURNA;-REA;RECIFE
001673;Q0541;0364;0205;COLETA DOMICILIAR NOTURNA;-REA;BOA VIAGEM
002059;Q0542;0364;0019;COLETA DOMICILIAR NOTURNA;-REA;RECIFE
001671;Q0543;0364;0205;COLETA DOMICILIAR NOTURNA;-REA;BOA VIAGEM
002060;Q0544;0364;0019;COLETA DOMICILIAR NOTURNA;-REA;RECIFE
001674;Q0545;0364;0205;COLETA DOMICILIAR NOTURNA;-REA;BOA VIAGEM
002061;Q0546;0364;0019;COLETA DOMICILIAR NOTURNA;-REA;RECIFE
001675;Q0547;0364;0205;COLETA DOMCILIAR NOTURNA;-REA;BOA VIAGEM
002378;Q0548;0364;0019;COLETA DOMICILIAR NOTURNA;-REA;RECIFE
001672;Q0549;0364;0205;COLETA DOMICILIAR NOTURNA;-REA;BOA VIAGEM
001841;Q0550;0364;0019;COLETA DOMICILIAR NOTURNA;-REA;RECIFE
001492;Q0551;0364;0019;COLETA DOMICILIAR NOTURNA;-REA;RECIFE
001842;Q0552;0364;0019;COLETA DOMICILIAR NOTURNA;-REA;RECIFE
001461;Q0553;0364;0019;COLETA DOMICILIAR NOTURNA;-REA;RECIFE
001843;Q0554;0364;0019;COLETA DOMICILIAR NOTURNA;-REA;RECIFE
001844;Q0555;0364;0019;COLETA DOMICILIAR NOTURNA;-REA;RECIFE
001845;Q0556;0364;0019;COLETA DOMICILIAR NOTURNA;-REA;RECIFE
001846;Q0558;0364;0019;COLETA DOMICILIAR NOTURNA;-REA;RECIFE
001847;Q0559;0364;0019;COLETA DOMICILIAR NOTURNA;-REA;RECIFE
001848;Q0560;0364;0019;COLETA DOMICILIAR NOTURNA;-REA;RECIFE
001849;Q0561;0364;0019;COLETA DOMICILIAR NOTURNA;-REA;RECIFE
001850;Q0562;0364;0019;COLETA DOMICILIAR NOTURNA;-REA;RECIFE
001419;Q0563;0364;1046;COLETA DOMICILIAR NOTURNA;-REA;VILA DA SUDENE
001851;Q0564;0364;0019;COLETA DOMICILIAR NOTURNA;-REA;RECIFE
001853;Q0565;0364;0019;COLETA DOMICILIAR NOTURNA;-REA;RECIFE
001852;Q0566;0364;0019;COLETA DOMICILIAR NOTURNA;-REA;RECIFE
002379;Q0567;0364;0019;COLETA DOMICILIAR NOTURNA;-REA;RECIFE
002380;Q0569;0364;0019;COLETA DOMICILIAR NOTURNA;-REA;RECIFE
002063;Q0570;0364;0019;COLETA DOMICILIAR NOTURNA;-REA;RECIFE
001599;Q0571;0364;0019;COLETA DOMICILIAR NOTURNA;-REA;RECIFE
002381;Q0573;0364;0019;COLETA DOMICILIAR NOTURNA;-REA;RECIFE
002382;Q0575;0364;0019;COLETA DOMICILIAR NOTURNA;-REA;RECIFE
002383;Q0577;0364;0019;COLETA DOMICILIAR NOTURNA;-REA;RECIFE
002384;Q0579;0364;0019;COLETA DOMICILIAR NOTURNA;-REA;RECIFE
002385;Q0581;0364;0019;COLETA DOMCILIAR NOTURNA;-REA;RECIFE
002386;Q0583;0364;0019;COLETA DOMICILIAR NOTURNA;-REA;RECIFE
002387;Q0585;0364;0019;COLETA DOMICILIAR NOTURNA;-REA;RECIFE
002388;Q0587;0364;0019;COLETA DOMCILIAR NOTURNA;-REA;RECIFE
002389;Q0589;0364;0019;COLETA DOMICILIAR NOTURNA;-REA;RECIFE
001452;Q0591;0364;0019;COLDOMICILIAR NOTURNA 2¦ EXTRA;-REA;RECIFE
001466;Q0593;0364;0019;COLDOMICILIAR NOTURNA 2¦ EXTRA;-REA;RECIFE
002390;Q0595;0364;0019;COLDOMICILIAR NOTURNA 2¦ EXTRA;-REA;RECIFE
002391;Q0597;0364;0019;COLETA DOMICILIAR NOTURNA;-REA;RECIFE
002392;Q0599;0364;0019;COLETA DOMICILIAR NOTURNA;-REA;RECIFE
001479;Q0601;0364;0019;COLETA DOMICILIAR VESPERTINO;-REA;RECIFE
001456;Q0602;0364;0019;SETORES DI-RIOS DIURNOS;-REA;RECIFE
001684;Q0603;0364;0019;COLETA DOMICILIAR VESPERTINO;-REA;RECIFE
001443;Q0604;0364;0396;SETORES DI-RIOS DIURNOS;-REA;DOIS UNIDOS
001505;Q0605;0364;0612;COLETA DOMICILIAR VESPERTINO;-REA;BREJO DA GUABIRABA
001729;Q0606;0364;0019;COLETA DOMICILIAR MATUTINA;-REA;RECIFE
001732;Q0608;0364;0019;SETORES DI-RIOS DIURNOS;-REA;RECIFE
001733;Q0610;0364;0019;SETORES DI-RIOS DIURNOS;-REA;RECIFE
001510;Q0611;0364;0558;COLETA DOMICILIAR VESPERTINO;-REA;VASCO DA GAMA
001509;Q0611;0364;0582;COLETA DOMICILIAR VESPERTINO;-REA;MACAXEIRA
001734;Q0612;0364;0019;SETORES DI-RIOS DIURNOS;-REA;RECIFE
001511;Q0613;0364;0531;COLETA DOMICILIAR VESPERTINO;-REA;MORRO DA CONCEICAO
001735;Q0614;0364;0019;SETORES DI-RIOS DIURNOS;-REA;RECIFE
001512;Q0615;0364;0540;COLETA DOMCILIAR VESPERTINO;-REA;ALTO JOSE BONIFACIO
001736;Q0616;0364;0019;COL DOMICILIAR MATUTINA;-REA;RECIFE
001517;Q0617;0364;0388;COLETA DOMICILIAR VESPERTINO;-REA;LINHA DO TIRO
001737;Q0618;0364;0019;SETORES DI-RIOS DIURNOS;-REA;RECIFE
001516;Q0619;0364;0337;COLETA DOMICILIAR VESPERTINO;-REA;AGUA FRIA
001738;Q0620;0364;0019;SETORES DI-RIOS DIURNOS;-REA;RECIFE
001513;Q0621;0364;1063;COLETA DOMCILIAR VESPERTINO;-REA;ALTO SANTA TEREZINHA
001739;Q0622;0364;0019;SETORES DI-RIOS DIURNOS;-REA;RECIFE
001962;Q0622;0364;0388;SETORES DI-RIOS DIURNOS;-REA;LINHA DO TIRO
001514;Q0623;0364;0515;COLETA DOMICILIAR VESPERTINO;-REA;MANGABEIRA
001515;Q0623;0364;0523;COLETA DOMICILIAR VESPERTINO;-REA;ALTO JOSE DO PINHO
001963;Q0624;0364;0396;SETORES DI-RIOS DIURNOS;-REA;DOIS UNIDOS
001468;Q0626;0364;0019;COLETA DOMICILIAR DIURNA;-REA;RECIFE
001926;Q0627;0364;0019;COLETA DOMICILIAR DIURNA;-REA;RECIFE
001518;Q0628;0364;0493;COLETA DOMICILIAR DIURNA;-REA;ALTO DO MANDU
001519;Q0628;0364;1065;COLETA DOMICILIAR DIURNA;-REA;ALTO SANTA ISABEL
001522;Q0630;0364;0450;COLETA DOMICILIAR DIURNA;-REA;SANTANA
001523;Q0632;0364;1067;COLETA DOMICILIAR DIURNA;-REA;CASA AMARELA ( PROXIMO  SITIO DA TRINDADE )
001527;Q0634;0364;0310;COLETA DOMICILIAR DIURNA;-REA;CAMPINA DO BARRETO
001526;Q0634;0364;0361;COLETA DOMICILIAR DIURNA;-REA;PORTO DA MADEIRA
001528;Q0636;0364;0329;COLETA DOMICILIAR DIURNA;-REA;ARRUDA
001529;Q0636;0364;1068;COLETA DOMICILIAR DIURNA;-REA;CH+O DE ESTRELAS
001525;Q0638;0364;0191;COLETA DOMICILIAR DIURNA;-REA;TAMARINEIRA
001524;Q0638;0364;0930;COLETA DOMICILIAR DIURNA;-REA;PONTO DE PARADA
001531;Q0640;0364;0280;COLETA DOMICILIAR DIURNA;-REA;CAMPO GRANDE
001530;Q0640;0364;0302;COLETA DOMICILIAR DIURNA;-REA;HIPODROMO
001532;Q0642;0364;0272;COLETA DOMICILIAR DIURNA;-REA;TORREAO
001687;Q0644;0364;0019;COLETA DOMICILIAR DIURNA;-REA;RECIFE
001727;Q0646;0364;0205;COLETA DOMICILIAR DIURNA;-REA;BOA VIAGEM
001602;Q0648;0364;0019;COLETA DOMICILIAR DIURNA;-REA;RECIFE
001475;Q0650;0364;0019;COLET DOMICILIAR DIURNA;-REA;RECIFE
001560;Q0652;0364;0019;COLETA DOMICILIAR DIURNA;-REA;RECIFE
001390;Q0654;0364;0841;COLETA DIARIA DOMICILIAR;-REA;CACOTE
001388;Q0654;0364;1059;COLETA DIARIA DOMICILIAR;-REA;VILA CARDEAL E SILVA
001389;Q0654;0364;1060;COLETA DIARIA DOMICILIAR;-REA;JARDIM UCHOA
001392;Q0656;0364;0850;COLETA DIARIA DOMICILIAR;-REA;AREIAS
001391;Q0656;0364;0868;COLETA DIARIA DOMICILIAR;-REA;JARDIM SAO PAULO
001720;Q0657;0364;0019;COLETA DOMICILIAR VESPERTINO;-REA;RECIFE
001393;Q0658;0364;0892;COLETA DIARIA DOMICILIAR;-REA;TEJIPIO
001480;Q0659;0364;0019;COLETA DOMICILIAR VESPERTINO;-REA;RECIFE
001878;Q0660;0364;0019;SETORES DI-RIOS DIURNOS;-REA;RECIFE
001534;Q0661;0364;0019;COLETA  DOMICILIAR VESPERTINO;-REA;RECIFE
002393;Q0662;0364;0019;COLETA DOMICILIAR DIURNA;-REA;RECIFE
001449;Q0664;0364;0019;COLETA DOMICILIAR DIURNA;-REA;RECIFE
001740;Q0666;0364;0019;COLETA DOMICILIAR DIURNA;-REA;RECIFE
001695;Q0668;0364;0019;COLETA DOMICILIAR DIURNA;-REA;RECIFE
001398;Q0670;0364;0876;COLETA DIARIA DOMICILIAR;-REA;BARRO
001397;Q0670;0364;1061;COLETA DIARIA DOMICILIAR;-REA;PACHECO
001666;Q0672;0364;0264;SETORES DI-RIOS DIURNOS;-REA;IMBIRIBEIRA
001536;Q0674;0364;0019;COLETA DOMICILIAR DIURNA;-REA;RECIFE
001608;Q0676;0364;0019;COLETA DOMICILIAR DIURNA;-REA;RECIFE
001533;Q0678;0364;0019;COLETA DOMICILIAR DIURNA;-REA;RECIFE
001502;Q0680;0364;0019;COLETA DOMICILIAR DIURNA;-REA;RECIFE
001609;Q0682;0364;0019;COLETA DOMICILIAR DIURNA;-REA;RECIFE
001877;Q0684;0364;0256;SETORES DI-RIOS DIURNOS;-REA;BRASILIA TEIMOSA
001876;Q0686;0364;0248;SETORES DI-RIOS DIURNOS;-REA;PINA
002018;Q0688;0364;0019;COLETA DOMICILIAR DIURNA;-REA;RECIFE
001730;Q0690;0364;0019;COL DOMICILIAR DIURNA 2¦ EXTRA;-REA;RECIFE
001485;Q0692;0364;0019;COL DOMICILIAR DIURNA 2¦ EXTRA;-REA;RECIFE
002394;Q0694;0364;0019;COL DOMICILIAR DIURNA 2¦ EXTRA;-REA;RECIFE
002395;Q0696;0364;0019;COLET DOMICILIAR DIURNA;-REA;RECIFE
002396;Q0698;0364;0019;COLETA DOMICILIAR DIURNA;-REA;RECIFE
001540;Q1602;0364;0019;COLETA DOMICILIAR DIURNA;-REA;RECIFE
001541;Q1604;0364;0019;COLETA DOMICILIAR DIURNA;-REA;RECIFE
001453;Q1606;0364;0256;COLETA DOMICILIAR DIURNA;-REA;BRASILIA TEIMOSA
001457;Q1608;0364;0019;COLETA DOMICILIAR DIURNA;-REA;RECIFE
001542;Q1610;0364;0019;COLETA DOMICILIAR DIURNA;-REA;RECIFE
001543;Q1612;0364;0019;COLETA DOMICILIAR DIURNA;-REA;RECIFE
001455;Q1614;0364;0019;COLETA DOMICILIAR DIURNA;-REA;RECIFE
001544;Q1616;0364;0019;COLETA DOMICILIAR DIURNA;-REA;RECIFE
001545;Q1618;0364;0019;COLETA DOMICILIAR DIURNA;-REA;RECIFE
001546;Q1620;0364;0019;COLETA DOMICILIAR DIURNA;-REA;RECIFE
001547;Q1622;0364;0019;COLETA DOMICILIAR DIURNA;-REA;RECIFE
001548;Q1624;0364;0019;COLETA DOMICILIAR DIURNA;-REA;RECIFE
001549;Q1626;0364;0019;COLETA DOMICILIAR DIURNA;-REA;RECIFE
001829;Q1628;0364;0019;COLETA DOMICILIAR DIURNA;-REA;RECIFE
001836;Q1630;0364;0019;COLETA DOMICILIAR DIURNA;-REA;RECIFE
001837;Q1632;0364;0019;COLETA DOMICILIAR DIURNA;-REA;RECIFE
002005;Q1634;0364;0019;COLETA DOMICILIAR DIURNA;-REA;RECIFE
002006;Q1636;0364;0019;COLETA DOMICILIAR DIURNA;-REA;RECIFE
002007;Q1638;0364;0019;COLETA DOMICILIAR DIURNA;-REA;RECIFE
002008;Q1640;0364;0019;COLETA DOMICILIAR DIURNA;-REA;RECIFE
002009;Q1642;0364;0019;COLETA DOMICILIAR DIURNA;-REA;RECIFE
002010;Q1644;0364;0019;COLETA DOMICILIAR DIURNA;-REA;RECIFE
002011;Q1646;0364;0019;COLETA DOMICILIAR DIURNA;-REA;RECIFE
002012;Q1648;0364;0019;COLETA DOMICILIAR DIURNA;-REA;RECIFE
002013;Q1650;0364;0019;COLETA DOMICILIAR DIURNA;-REA;RECIFE
002014;Q1652;0364;0019;COLETA DOMICILIAR DIURNA;-REA;RECIFE
002015;Q1654;0364;0019;COLETA DOMICILIAR DIURNA;-REA;RECIFE
002064;Q1662;0364;0019;COLETA DOMICILIAR DIURNA;-REA;RECIFE
002069;Q1666;0364;0019;COLETA DOMICILIAR DIURNA;-REA;RECIFE
002065;Q1668;0364;0019;COLETA DOMICILIAR DIURNA;-REA;RECIFE
002066;Q1670;0364;0019;COLETA DOMICILIAR DIURNA;-REA;RECIFE
002067;Q1674;0364;0019;COLETA DOMICILIAR DIURNA;-REA;RECIFE
002068;Q1676;0364;0019;COLETA DOMICILIAR DIURNA;-REA;RECIFE
002397;Q195;0364;0019;COLETA DIURNA ALTERNADA;-REA;RECIFE
001535;Q2602;0364;0019;COLETA DOMICILIAR NOTURNA;-REA;RECIFE
001550;Q2604;0364;0019;COLETA DOMICILIAR NOTURNA;-REA;RECIFE
001551;Q2606;0364;0019;COLETA DOMICILIAR NOTURNA;-REA;RECIFE
001552;Q2608;0364;0019;COLETA DOMICILIAR NOTURNA;-REA;RECIFE
001553;Q2610;0364;0019;COLETA DOMICILIAR NOTURNA;-REA;RECIFE
001554;Q2612;0364;0019;COLETA DOMICILIAR NOTURNA;-REA;RECIFE
001555;Q2614;0364;0019;COLETA DOMICILIAR NOTURNA;-REA;RECIFE
001556;Q2616;0364;0019;COLETA DOMICILIAR NOTURNA;-REA;RECIFE
001557;Q2618;0364;0019;COLETA DOMICILIAR NOTURNA;-REA;RECIFE
001558;Q2620;0364;0019;COLETA DOMICILIAR NOTURNA;-REA;RECIFE
001559;Q2622;0364;0019;COLETA DOMICILIAR NOTURNA;-REA;RECIFE
001932;Q2624;0364;0019;COLETA DOMICILIAR NOTURNA;-REA;RECIFE
001933;Q2626;0364;0019;COLETA DOMICILIAR NOTURNA;-REA;RECIFE
001838;Q2628;0364;0019;COLETA DOMICILIAR NOTURNA;-REA;RECIFE
001935;Q2630;0364;0019;COLETA DOMICILIAR NOTURNA;-REA;RECIFE
001839;Q2632;0364;0019;COLETA DOMICILIAR NOTURNA;-REA;RECIFE
001840;Q2634;0364;0019;COLETA DOMICILIAR NOTURNA;-REA;RECIFE
001934;Q2636;0364;0019;COLETA DOMICILIAR NOTURNA;-REA;RECIFE
001564;R0101;0436;0019;COLETA RASPAGEM ALTERNADA;-REA;RECIFE
001721;R0107;0436;0019;COLETA RASPAGEM ALTERNADA;-REA;RECIFE
002075;R0204;0436;0019;COLETA RASPAGEM ALTERNADA;-REA;RECIFE
001726;R0301;0436;0019;COLETA RASPAGEM ALTERNADA;-REA;RECIFE
001725;R0307;0436;0019;COLETA RASPAGEM ALTERNADA;-REA;RECIFE
001722;R1604;0436;0019;COLETA RASPAGEM  -  DOMINGO;-REA;RECIFE
002112;SAPCR;0704;0019;SERVIÃOS DA ADM PCR;-REA;RECIFE
001872;SE01;0147;0019;COLETA DA SERQUIPE;-REA;RECIFE
001387;SR02;0027;1058;MERCADO DE SANTA RITA;PONTUAL;MERCADO SANTA RITA
002626;URB01;0331;0205;COLETA DIARIA DIURNA;-REA;BOA VIAGEM
002077;V0101;0699;0019;COLETA DIURNA ALTERNADA;-REA;RECIFE
002398;V0103;0699;0019;COLETA DIURNA ALTERNADA;-REA;RECIFE
002078;V0105;0699;0019;COLETA DIURNA ALTERNADA;-REA;RECIFE
002079;V0107;0699;0019;COLETA DIURNA ALTERNADA;-REA;RECIFE
002080;V0109;0699;0019;COLETA DIURNA ALTERNADA;-REA;RECIFE
002081;V0111;0699;0019;COLETA DIURNA ALTERNADA;-REA;RECIFE
002399;V0113;0699;0019;COLETA DIURNA ALTERNADA;-REA;RECIFE
002400;V0202;0708;0019;COLETA DIURNA ALTERNADA;-REA;RECIFE
002083;V0204;0708;0019;COLETA DIURNA ALTERNADA;-REA;RECIFE
002084;V0206;0708;0027;COLETA DIURNA ALTERNADA;-REA;SANTO ANTONIO
002085;V0208;0708;0019;COLETA DIURNA ALTERNADA;-REA;RECIFE
002086;V0210;0708;0019;COLETA DIURNA ALTERNADA;-REA;RECIFE
002087;V0212;0708;0019;COLETA DIURNA ALTERNADA;-REA;RECIFE
002088;V0214;0708;0019;COLETA DIURNA ALTERNADA;-REA;RECIFE
002089;V0301;0708;0019;COLETA NOTURNA ALTERNADA;-REA;RECIFE
002090;V0303;0708;0019;COLETA NOTURNA ALTERNADA;-REA;RECIFE
002091;V0305;0708;0019;COLETA NOTURNA ALTERNADA;-REA;RECIFE
002092;V0307;0708;0019;COLETA NOTURNA ALTERNADA;-REA;RECIFE
002093;V0309;0708;0019;COLETA NOTURNA ALTERNADA;-REA;RECIFE
002094;V0311;0708;0019;COLETA NOTURNA ALTERNADA;-REA;RECIFE
002095;V0313;0708;0019;COLETA NOTURNA ALTERNADA;-REA;RECIFE
002096;V0402;0699;0019;COLETA NOTURNA ALTERNADA;-REA;RECIFE
002097;V0404;0699;0019;COLETA NOTURNA ALTERNADA;-REA;RECIFE
002098;V0406;0699;0019;COLETA NOTURNA ALTERNADA;-REA;RECIFE
002099;V0408;0699;0019;COLETA NOTURNA ALTERNADA;-REA;RECIFE
002100;V0410;0699;0019;COLETA NOTURNA ALTERNADA;-REA;RECIFE
002101;V0412;0699;0019;COLETA NOTURNA ALTERNADA;-REA;RECIFE
002102;V0414;0699;0019;COLETA NOTURNA ALTERNADA;-REA;RECIFE
002627;V11;0699;1100;CAIXA COMPACTADORA;-REA;CAIS DE SANTA RITA
002636;V12;0699;1002;CAIXA COMPACTADORA;-REA;AV. DR. JAIME DA FONTE
002103;V1602;0708;0019;COLETA DIURNA DOMINGO;-REA;RECIFE
002104;V1604;0699;0019;COLETA DIURNA DOMINGO;-REA;RECIFE
002105;V1606;0708;0019;COLETA DIURNA DOMINGO;-REA;RECIFE
002106;V1608;0708;0019;COLETA DIURNA DOMINGO;-REA;RECIFE
002630;V21;0699;0426;CAIXA COMPACTADORA;-REA;BOMBA DO HEMETERIO
002631;V22;0699;1001;CAIXA COMPACTADORA;-REA;AV. AG. MAGALH+ES (FAIXA MORTA - AV. NORTE -TACARUNA)
002107;V2602;0708;0019;COLETA NOTURNA  DOMINGO;-REA;RECIFE
002108;V2604;0708;0019;COLETA NOTURNA DOMINGO;-REA;RECIFE
002109;V2606;0708;0019;COLETA NOTURNA  DOMINGO;-REA;RECIFE
002110;V2608;0708;0019;COLETA NOTURNA DOMINGO;-REA;RECIFE
002632;V41;0699;1105;CAIXA COMPACTADORA;-REA;RUA CLARA NUNES
002633;V51;0699;0779;CAIXA COMPACTADORA;-REA;AFOGADOS
002634;V61;0699;1102;CAIXA COMPACTADORA;-REA;COMUNIDADE ENTRA  APULSO
002635;V62;0699;1103;CAIXA COMPACTADORA;-REA;COMUNIDADE DANCYNG DAYS
